id|authorDisplayName|authorProfileImageUrl|authorChannelUrl|authorChannelId|text|videoId|viewerRating|likeCount|publishedAt|updatedAt
UgzXzy3rZ-d5hPhEA-Z4AaABAg|"Bob gwa Deapea samgyeopsal"|https://yt3.ggpht.com/a/AATXAJxKaoQAZvU3BjPkRThlZPjrlMriTtjkPITRgNQe=s48-c-k-c0xffffffff-no-rj-mo|http://www.youtube.com/channel/UCX_hqYi_TEOr-eWA-pkAdcg|UCX_hqYi_TEOr-eWA-pkAdcg|"내"|usjSxvlM2RA|none|0|2020-07-04T13:00:22Z|2020-07-04T13:00:22Z
Ugwv89HpoLHjJAEVFKB4AaABAg|"홍수아부지TV"|https://yt3.ggpht.com/a/AATXAJxBugi9oDnR37Cz9YfuzefrA4OEYmqOiMYksq92=s48-c-k-c0xffffffff-no-rj-mo|http://www.youtube.com/channel/UCSkP5L8VfbAX__t4JRfDMww|UCSkP5L8VfbAX__t4JRfDMww|"썸네일 보고 왔는대 지대로 낚였네요"|QCQ6WNSXAqs|none|0|2020-06-30T18:24:55Z|2020-06-30T18:24:55Z
UgwKYVbmEHcqG5WCLfh4AaABAg|"갈코"|https://yt3.ggpht.com/a/AATXAJysuCaTi4YPTIxB-JtbazGbUzp_E0cShAH1Vw=s48-c-k-c0xffffffff-no-rj-mo|http://www.youtube.com/channel/UCncuv34Gn2S0hEqYCS1_e-Q|UCncuv34Gn2S0hEqYCS1_e-Q|"검정티 입은 분 누구신지 잘드시네요..^^"|QCQ6WNSXAqs|none|1|2020-06-25T08:06:13Z|2020-06-25T08:06:13Z
UgxeiLqJ4ZQg_BD60dV4AaABAg|"양임순"|https://yt3.ggpht.com/a/AATXAJwnv1k3dfSaZbBVVrvoIx612Ybm4ufJGiTCWg=s48-c-k-c0xffffffff-no-rj-mo|http://www.youtube.com/channel/UCuQncl2gEwk7YVjWdVq30LQ|UCuQncl2gEwk7YVjWdVq30LQ|"좋다 완도"|2POw5156Si4|none|0|2020-06-20T00:05:50Z|2020-06-20T00:05:50Z
Ugz8zuDAnXv_vqBV8i54AaABAg|"김민지"|https://yt3.ggpht.com/a/AATXAJwvY_3gaZvCy5J9S4Ov1TfYRRgnApjIYtEOsQ=s48-c-k-c0xffffffff-no-rj-mo|http://www.youtube.com/channel/UCX4h8LUkifCTtSey86N172w|UCX4h8LUkifCTtSey86N172w|"누군지 알거 같은데...😱"|59WYlCCMIBE|none|0|2020-05-07T14:45:55Z|2020-05-07T14:45:55Z
Ugyr6Ynu5PRbmg6JF8d4AaABAg|"조도연"|https://yt3.ggpht.com/a/AATXAJzSofvrHD8XWJ2ugOv_140RcF2P5O3pZ7E4YQ=s48-c-k-c0xffffffff-no-rj-mo|http://www.youtube.com/channel/UC-IKYBCUrnWqxGXHPA1CqgA|UC-IKYBCUrnWqxGXHPA1CqgA|"완도산 광어 최고!"|59WYlCCMIBE|none|0|2020-05-04T11:42:36Z|2020-05-04T11:42:36Z
UgwFD8I4cXMBFlVZcNR4AaABAg|"김현주"|https://yt3.ggpht.com/a/AATXAJztmfNspeJV2KLMFrKyFPkJgDK9vy_EBqbRKQ=s48-c-k-c0xffffffff-no-rj-mo|http://www.youtube.com/channel/UCGlrEQZItCKLZ26NK-HYugQ|UCGlrEQZItCKLZ26NK-HYugQ|"싑게 따라할수 있는 동작이라  좋은거 같아요~~바다 해변풍경 넘 멋있어요"|BbSEissoqZk|none|2|2020-05-04T02:53:58Z|2020-05-04T02:53:58Z
UgyICQC9mHh2uYVXJBJ4AaABAg|"니나잘해"|https://yt3.ggpht.com/a/AATXAJx_ACTCoizE6WGGLQdv_Hvt_gYeaUUt5EyzJQ=s48-c-k-c0xffffffff-no-rj-mo|http://www.youtube.com/channel/UCdQ2TcDUqyDVtyQFpDlt2Cw|UCdQ2TcDUqyDVtyQFpDlt2Cw|"아름다운 해변에서 아름다운 분들이 운동하니 참 아름답네요.^^ 👍👍👍👍👍👍👍"|ZnLyQ6E6uew|none|0|2020-05-01T00:31:58Z|2020-05-01T00:31:58Z
UgyXmroFgDIMtLVBBqN4AaABAg|"K-thing 케이띵"|https://yt3.ggpht.com/a/AATXAJwafApT1zNZDtBnrTSZhk9bUrKXoHR6xvq2ew_l=s48-c-k-c0xffffffff-no-rj-mo|http://www.youtube.com/channel/UC8daoNK--1E3IlkdD-4CgSQ|UC8daoNK--1E3IlkdD-4CgSQ|"청산도 너무 좋아요~ 또 가고 싶네요ㅠㅠ"|fKXazbR-xjM|none|1|2020-05-05T02:12:40Z|2020-05-05T02:12:40Z
Ugz87uukUBZJsQEpHHF4AaABAg|"할짓없는잉여"|https://yt3.ggpht.com/a/AATXAJwcGxzy6c6QyOaIIlNE2RS-JE1IBYNOQQsRaw=s48-c-k-c0xffffffff-no-rj-mo|http://www.youtube.com/channel/UCx1HEQgUMCvo9J6MrhgnIPA|UCx1HEQgUMCvo9J6MrhgnIPA|"완도군 공무원 분들 고생이 많으십니다 조금만 더 고생해주세요"|_xkPKGu2Ch8|none|0|2020-04-22T03:52:09Z|2020-04-22T03:52:09Z
UgxDUqpZ8ayCnOV-1aV4AaABAg|"정성오"|https://yt3.ggpht.com/a/AATXAJxDehsc10Rwgwe1qYi8sYACQMFG5OgGKmHKjg=s48-c-k-c0xffffffff-no-rj-mo|http://www.youtube.com/channel/UCosjEjDb7ADT9hXFf0-BAkA|UCosjEjDb7ADT9hXFf0-BAkA|"잘봤읍니다. 음식을 정말 맛깔나게 하시네요.  예사롭지 않은 덩치와 칼솜씨로 볼 때, 오세득 셰프를 닮았을 것 같네요ㅎㅎ  다음 영상도 기대하겠읍니다."|FnlzR08j1Nk|none|0|2020-04-13T15:16:17Z|2020-04-13T23:43:03Z
Ugy6DlAPg3Qrmc3pUm54AaABAg|"조각난미남"|https://yt3.ggpht.com/a/AATXAJw4AlDgeL-sPagNeJ9BpzA0t-UKABXeSGu8_SYo=s48-c-k-c0xffffffff-no-rj-mo|http://www.youtube.com/channel/UCRywMXq5BP-IQA5Ec2nw4xg|UCRywMXq5BP-IQA5Ec2nw4xg|"엌ㅋㅋ 봤더니 배고파 지네요."|FnlzR08j1Nk|none|0|2020-04-07T05:21:59Z|2020-04-07T05:22:39Z
UgxIRTPW_PTWLWD3Ck94AaABAg|"김덕준"|https://yt3.ggpht.com/a/AATXAJyQq2e_UVymEGW5_ZwexWv6Ja2V5NW391mp-w=s48-c-k-c0xffffffff-no-rj-mo|http://www.youtube.com/channel/UCLC1ADm7z752NgDqnxVg1lA|UCLC1ADm7z752NgDqnxVg1lA|"잘봤습니다~ 근데 광어회가 남기도 하나요??? ^^?"|FnlzR08j1Nk|none|0|2020-04-07T04:40:13Z|2020-04-07T04:40:13Z
Ugw6nIU68p1aCdqIfwR4AaABAg|"심기철 삼국지 이야기"|https://yt3.ggpht.com/a/AATXAJy4AcSdSN5NbEeovKwhkFqotyG1U1R_GZ9SiMZGRw=s48-c-k-c0xffffffff-no-rj-mo|http://www.youtube.com/channel/UCxlyyoQADjeL-9f2_RPWJuw|UCxlyyoQADjeL-9f2_RPWJuw|"우와~~~~멋집니다 응원합니다 서로돕는 이웃이,,되기를, 원합니다,,,,,,,초대합니다"|krSzMa_M1Mg|none|0|2020-04-10T06:30:08Z|2020-04-10T06:30:08Z
UgzB3MUL-kpoUn7mEBp4AaABAg|"glow ever"|https://yt3.ggpht.com/a/AATXAJzWJkBgRL7Qwt6oO1rd7ZC63N6I0vmayGUH=s48-c-k-c0xffffffff-no-rj-mo|http://www.youtube.com/channel/UCQUS_OhXh2IF4CfJk41zifQ|UCQUS_OhXh2IF4CfJk41zifQ|"정주사님 잘생기셨어요! 수산경영과 장주사님도 같이 나왔으면 좋았을 건데.."|6M547L6zN6g|none|0|2020-03-20T09:46:44Z|2020-03-20T09:46:44Z
Ugys0Sp4qz-EDT5m5XV4AaABAg|"김민지"|https://yt3.ggpht.com/a/AATXAJwvY_3gaZvCy5J9S4Ov1TfYRRgnApjIYtEOsQ=s48-c-k-c0xffffffff-no-rj-mo|http://www.youtube.com/channel/UCX4h8LUkifCTtSey86N172w|UCX4h8LUkifCTtSey86N172w|"양파 써는 기계인가요.. ㅎㄷㄷ"|6M547L6zN6g|none|1|2020-03-16T21:15:51Z|2020-03-16T21:15:51Z
UgyvDmgxoK-leRzLOn94AaABAg|"니나잘해"|https://yt3.ggpht.com/a/AATXAJx_ACTCoizE6WGGLQdv_Hvt_gYeaUUt5EyzJQ=s48-c-k-c0xffffffff-no-rj-mo|http://www.youtube.com/channel/UCdQ2TcDUqyDVtyQFpDlt2Cw|UCdQ2TcDUqyDVtyQFpDlt2Cw|"홍보 담당자가 직접 출연해서 브이로그 하려고 마음먹고 실행하기 쉽지 않았을 텐데 응원합니다.^^  주1회 월요일 18:00 업로드 가시나요?ㅎ"|6M547L6zN6g|none|2|2020-03-16T15:08:15Z|2020-03-16T15:08:15Z
Ugwh3fOZcfKaViR8HuN4AaABAg|"kekyj90"|https://yt3.ggpht.com/a/AATXAJw9Lxp5fJqdgcju0hqkRt4dSTyxa_5_5otx1g=s48-c-k-c0xffffffff-no-rj-mo|http://www.youtube.com/channel/UCUXVM5CuSgoZeg9g69R28dg|UCUXVM5CuSgoZeg9g69R28dg|"엄청 잘 생겨 보입니다 ㄷㄷ"|6M547L6zN6g|none|2|2020-03-16T09:59:06Z|2020-03-16T09:59:06Z
UgxUjKmVorrWxfOI2b14AaABAg|"Fix Choco"|https://yt3.ggpht.com/a/AATXAJwEmzHNXxUHRKz39-Wot_0zOae9MTqGh_FnNQ=s48-c-k-c0xffffffff-no-rj-mo|http://www.youtube.com/channel/UC357qTG9hXj5fpBRWjs3tgg|UC357qTG9hXj5fpBRWjs3tgg|"요리하시는 분이 마스크를 쓰셔서 얼굴이 잘보이지 않습니다. 코로나 사태 끝나면 꼭 쌩얼방송 부탁드려요!!!!!!"|6M547L6zN6g|none|3|2020-03-16T07:25:32Z|2020-03-16T07:31:40Z
UgzT1IzCGB87j-8ADMJ4AaABAg|"최우빈"|https://yt3.ggpht.com/a/AATXAJyF9i-Xp0z3fEeJyA83h482QEaCxG8vGzj-1g=s48-c-k-c0xffffffff-no-rj-mo|http://www.youtube.com/channel/UCNH6oZbJK-p2ejzmRw7jU2Q|UCNH6oZbJK-p2ejzmRw7jU2Q|"학교으 어더게해요"|n-3JFK4Uh0M|none|0|2020-03-14T06:18:23Z|2020-03-14T06:18:23Z
Ugz7HNuO52VN4dsNcJ54AaABAg|"당당진"|https://yt3.ggpht.com/a/AATXAJyB-jf3BAyhLYOG_hwiDeqsgSose7k0b7CEDw=s48-c-k-c0xffffffff-no-rj-mo|http://www.youtube.com/channel/UCTukgNbecpIqXLeTurpCuOQ|UCTukgNbecpIqXLeTurpCuOQ|"김경식내팔"|GLd0Z6uHiow|none|0|2020-06-09T16:57:38Z|2020-06-09T16:57:38Z
UgzzQZvivQZbnTnyob94AaABAg|"사삼총"|https://yt3.ggpht.com/a/AATXAJwkv4DOpkPPqJMkAuu7QKTVN-jmZDRjgp8qVA=s48-c-k-c0xffffffff-no-rj-mo|http://www.youtube.com/channel/UCJmY9st8CR_0uYAJ_f6z_Tw|UCJmY9st8CR_0uYAJ_f6z_Tw|"?"|8TSKFzce-lI|none|0|2020-06-12T11:13:52Z|2020-06-12T11:13:52Z
UgwR5CS2CuWXuJpP0kZ4AaABAg|"완도 불목산장 펜션"|https://yt3.ggpht.com/a/AATXAJxpG8uhYXV4DXVcSNF5yu64SWdKRmPSwhBrR8ak=s48-c-k-c0xffffffff-no-rj-mo|http://www.youtube.com/channel/UCMFQCEeIZfC0zyDg6tzlWtQ|UCMFQCEeIZfC0zyDg6tzlWtQ|"2021완도국제해조류박람회  4윌23개막 홍보부탁합니다"|8TSKFzce-lI|none|0|2020-04-11T02:30:18Z|2020-04-11T02:30:18Z
UgwRByrly9OkqzilBAB4AaABAg|"jjoak07"|https://yt3.ggpht.com/a/AATXAJzmS52_9ecJEZdTrx7PEJhcZp9jYt6Si0ccbZnR=s48-c-k-c0xffffffff-no-rj-mo|http://www.youtube.com/channel/UC-Z5eDOnU5-zqLSRJ-UnGOA|UC-Z5eDOnU5-zqLSRJ-UnGOA|"거점 섬에 종합병원과 용수공급을  많이 해 주면 많은섬은 더욱 살기좋게 될 것으로 봅니다."|8TSKFzce-lI|none|0|2020-02-18T10:45:41Z|2020-02-18T10:45:41Z
UgwRo384HfUHMQP835R4AaABAg|"신정민"|https://yt3.ggpht.com/a/AATXAJzJmwhGChvNHaZy7ifGQF5EVmWTBd9Xxhdoew=s48-c-k-c0xffffffff-no-rj-mo|http://www.youtube.com/channel/UC8EURaClTbYxzkpuPUPUETg|UC8EURaClTbYxzkpuPUPUETg|"배경음악 신경 좀 써시지 . . ."|SwluibolgFQ|none|0|2020-01-20T22:46:10Z|2020-01-20T22:46:10Z
UgxdchzEbZ2A9k5Aadl4AaABAg|"A A"|https://yt3.ggpht.com/a/AATXAJwc4iguUllVFJX6SfqdfPiNSotSKFof0ch_EQ=s48-c-k-c0xffffffff-no-rj-mo|http://www.youtube.com/channel/UCgVspYWKylnfPCL6Xnolbdw|UCgVspYWKylnfPCL6Xnolbdw|"선생님, 안녕하세요! SBS <생방송 투데이> 팀입니다. 선생님께서 촬영하신 영상이 너무 멋져서 저희 방송에 활용해보고 싶은데 혹시 사용해도 괜찮을지 여쭤보고 싶어 이렇게 댓글을 남깁니다!  답변 부탁드리겠습니다. 고맙습니다!"|3H5Eg0xRh6c|none|0|2020-02-09T06:58:09Z|2020-02-09T06:58:09Z
UgxQX_tevhEhnAo1dFR4AaABAg|"니 대가리 쿠쿠밥솥 취취"|https://yt3.ggpht.com/a/AATXAJyDJRvP3LbnCtq96fdAjc2xasQenwCf0Ki3AVBEGw=s48-c-k-c0xffffffff-no-rj-mo|http://www.youtube.com/channel/UCWuzrk7S9rihr42sCLwut9w|UCWuzrk7S9rihr42sCLwut9w|"미세먼지 진짜 많아요..... 없을거 같지만..... 중국... 저 참고로 완도 신지면에서 살아요"|3H5Eg0xRh6c|none|0|2019-11-24T14:02:46Z|2019-11-24T14:02:46Z
UgxYqohDHeZCVB1uTHB4AaABAg|"Kizueiydy Pquioe"|https://yt3.ggpht.com/a/AATXAJwBYiJgVWS7D5HhDKw9QICeM_xYrtvGsIjsVg=s48-c-k-c0xffffffff-no-rj-mo|http://www.youtube.com/channel/UCaF7RmV2NZSjAWW8I52BG6w|UCaF7RmV2NZSjAWW8I52BG6w|"저기서 민간인이 운동못하나요"|vreFEMiuDHI|none|0|2019-05-26T06:55:30Z|2019-05-26T06:55:30Z
UgyewOlKWwY32A1aB9V4AaABAg|"황종현"|https://yt3.ggpht.com/a/AATXAJzAwBEmmrbxj4Kuy6wtI_uU_kD-o-f5DDf8ZoemTA=s48-c-k-c0xffffffff-no-rj-mo|http://www.youtube.com/channel/UCpS5hK1ddFcDmly_oxGLgUw|UCpS5hK1ddFcDmly_oxGLgUw|"역도장 좀 많이 지어줘요 ㅠㅜ"|vreFEMiuDHI|none|1|2019-04-08T07:01:13Z|2019-04-08T07:01:13Z
UgzDa2FmXgY8SYXb7TN4AaABAg|"SSEDA GYM노싸부"|https://yt3.ggpht.com/a/AATXAJx9fmRGZAQEeNN1VeVmFdGG3HzIWmw-JU0BZnCc=s48-c-k-c0xffffffff-no-rj-mo|http://www.youtube.com/channel/UCOXgAZMNXSN2RR7pgPv6M9g|UCOXgAZMNXSN2RR7pgPv6M9g|"멋집니다 역도장!"|vreFEMiuDHI|none|0|2019-04-01T14:52:02Z|2019-04-01T14:52:02Z
UgzrgRRVI8Zcx-Ac-DR4AaABAg|"완도굴착기박준관"|https://yt3.ggpht.com/a/AATXAJzs797R0Nmj4P6E4sT6e8O_dnDjJqK_2pfOD1oSGg=s48-c-k-c0xffffffff-no-rj-mo|http://www.youtube.com/channel/UCUgtpfheK0Kr3aszdpVt8RQ|UCUgtpfheK0Kr3aszdpVt8RQ|"👍👍👍"|vreFEMiuDHI|none|0|2019-03-20T00:27:51Z|2019-03-20T00:27:51Z
UgwkXvx3pZoNtmwH5ql4AaABAg|"고은의 게임 나라TV"|https://yt3.ggpht.com/a/AATXAJxPcm5VZtB-CHvzZaG53EiHDmOUtbmQPOJuv9auwg=s48-c-k-c0xffffffff-no-rj-mo|http://www.youtube.com/channel/UCWbZqdizGr-AVuMcr_k7AWA|UCWbZqdizGr-AVuMcr_k7AWA|"오옹"|-obo_3KMBdk|none|0|2020-05-27T10:25:00Z|2020-05-27T10:25:00Z
Ugz4D-F1ZBSpWv9Lw2x4AaABAg|"경훈쓰"|https://yt3.ggpht.com/a/AATXAJzXjmKLwr7RJnX5HwpTjID18SOBCF2HvQY98-4i=s48-c-k-c0xffffffff-no-rj-mo|http://www.youtube.com/channel/UCU5rK6aOnsbHTSPTS8vkceA|UCU5rK6aOnsbHTSPTS8vkceA|"난 완도에 살아서 저기 갈려고 알아보는데 왜 래쉬가드는 않될까"|-obo_3KMBdk|none|0|2019-06-22T07:59:39Z|2019-06-22T07:59:39Z
Ugwe7HYg0t0jfWdVdZN4AaABAg|"PETBOY"|https://yt3.ggpht.com/a/AATXAJweX-R91yCS6nAYXY1L8Hw4GJ1jgZMYaNjNQFa_=s48-c-k-c0xffffffff-no-rj-mo|http://www.youtube.com/channel/UCR4Fucz3-d5MzMtGEr6YOiw|UCR4Fucz3-d5MzMtGEr6YOiw|"하루만에 문 닫은곳 아닌가."|-obo_3KMBdk|none|0|2019-04-14T05:17:57Z|2019-04-14T05:17:57Z
UgxIFTuBYzj5zI2r6R14AaABAg|"트롤 피아노[피아노치고 게임하는 유튜버]"|https://yt3.ggpht.com/a/AATXAJzQw__Th1ADhxe3RyWl9VWhxpeOu9KF7NdNF-ICxw=s48-c-k-c0xffffffff-no-rj-mo|http://www.youtube.com/channel/UC9XL8ABrcpaXCaJSyfufjtw|UC9XL8ABrcpaXCaJSyfufjtw|"안녕하세요 미래 완도홍보팀 트롤피아노입니다. 저 거기로 취직할꼐요"|-obo_3KMBdk|none|0|2019-03-24T05:47:58Z|2019-03-24T05:47:58Z
Ugw_9lJ7yRTcRSWn5aB4AaABAg|"Виталий Корея"|https://yt3.ggpht.com/a/AATXAJyomUD25gE5YxiuMB8ZJpIrPIalRj7axvq3wndS=s48-c-k-c0xffffffff-no-rj-mo|http://www.youtube.com/channel/UCUbUPBEBpYGrlmVSzUBQ9ww|UCUbUPBEBpYGrlmVSzUBQ9ww|"👍🏊"|-obo_3KMBdk|none|0|2019-03-22T17:12:30Z|2019-03-22T17:12:30Z
UgxRRZhNQKDbfMAzUMp4AaABAg|"완도굴착기박준관"|https://yt3.ggpht.com/a/AATXAJzs797R0Nmj4P6E4sT6e8O_dnDjJqK_2pfOD1oSGg=s48-c-k-c0xffffffff-no-rj-mo|http://www.youtube.com/channel/UCUgtpfheK0Kr3aszdpVt8RQ|UCUgtpfheK0Kr3aszdpVt8RQ|"멋스럽네요 ㅎㅎㅎ"|-obo_3KMBdk|none|0|2019-03-18T08:17:36Z|2019-03-18T08:17:36Z
UgzIfVL7T0D_5ctST5B4AaABAg|"완도굴착기박준관"|https://yt3.ggpht.com/a/AATXAJzs797R0Nmj4P6E4sT6e8O_dnDjJqK_2pfOD1oSGg=s48-c-k-c0xffffffff-no-rj-mo|http://www.youtube.com/channel/UCUgtpfheK0Kr3aszdpVt8RQ|UCUgtpfheK0Kr3aszdpVt8RQ|"👍👍👍👍👍👍👍"|e7rW9V6dxQw|none|0|2019-03-12T11:03:27Z|2019-03-12T11:03:27Z
UgwaiY_kDAT3OLkc7Gx4AaABAg|"[Wellbeing Life]웰빙라이프"|https://yt3.ggpht.com/a/AATXAJwqneR9AYsVAUGqSriyxLjgY1dzBiwD7rn7OcJk=s48-c-k-c0xffffffff-no-rj-mo|http://www.youtube.com/channel/UC-1_Aq_p1XW5-rw5aDDu0kw|UC-1_Aq_p1XW5-rw5aDDu0kw|"청산도 코스모스 정말 예뻐요. 힐링이 되네요.  구독. 좋아요. 누르고 갑니다. 제 영상도 보러 오세요 행복하세요."|wM0vSA8lnV4|none|0|2018-11-15T13:36:07Z|2018-11-15T13:36:07Z
UgwMNp-idxe3z7B_8qx4AaABAg|"나병수"|https://yt3.ggpht.com/a/AATXAJw2IQjL9W6DgJMnXRUU7CunIm8avihEqbsfIugrMQ=s48-c-k-c0xffffffff-no-rj-mo|http://www.youtube.com/channel/UCfXl0C_jGigLD16lkrHOGlA|UCfXl0C_jGigLD16lkrHOGlA|"여유,, 편안함, 청산에 살으리랏다"|9dxHLGtDcqk|none|2|2020-04-12T23:33:07Z|2020-04-12T23:33:07Z
UgzvbzDFKQXA5mvADKR4AaABAg|"Gom minyeong"|https://yt3.ggpht.com/a/AATXAJybjpCQWMEkOzXpKeluTyFDJsrGdMtdBb88bEcr=s48-c-k-c0xffffffff-no-rj-mo|http://www.youtube.com/channel/UC75q51JGixfW5z3um3Xv7xA|UC75q51JGixfW5z3um3Xv7xA|"공식홍보영상인데 오타라니요......거치고 -> 걷히고"|YXnHvV5VPoc|none|0|2018-11-13T06:52:45Z|2018-11-13T06:52:45Z
Ugz8kga_U70YtIPK_yl4AaABAg|"윤형심"|https://yt3.ggpht.com/a/AATXAJyRLEwxp75UfRfPEdXo1EN6SEmzMy6T6cMCKQ=s48-c-k-c0xffffffff-no-rj-mo|http://www.youtube.com/channel/UCfxSm3aEUWSDXO_nJJDSNHA|UCfxSm3aEUWSDXO_nJJDSNHA|"완도 한번가보았지만? 완도보길도보길면에 구월초를많이심은동네가 있다는말을들은것같습니다 구월초를대량으로구입을하고 싶은데요 구입을할수있는지요? 알고싶습니다 저의전화번호는010ㅡ8316ㅡ0226입니다"|YXnHvV5VPoc|none|0|2018-10-28T06:15:23Z|2018-10-28T06:15:23Z
Ugy1pbYpkbwX_DqL-LB4AaABAg|"당당진"|https://yt3.ggpht.com/a/AATXAJyB-jf3BAyhLYOG_hwiDeqsgSose7k0b7CEDw=s48-c-k-c0xffffffff-no-rj-mo|http://www.youtube.com/channel/UCTukgNbecpIqXLeTurpCuOQ|UCTukgNbecpIqXLeTurpCuOQ|"김경식내팔"|MKT2vEvWLmY|none|0|2020-06-13T14:00:03Z|2020-06-13T14:00:03Z
UgxofxTQh_MWxPrSw1p4AaABAg|"당당진"|https://yt3.ggpht.com/a/AATXAJyB-jf3BAyhLYOG_hwiDeqsgSose7k0b7CEDw=s48-c-k-c0xffffffff-no-rj-mo|http://www.youtube.com/channel/UCTukgNbecpIqXLeTurpCuOQ|UCTukgNbecpIqXLeTurpCuOQ|"김경식내팔"|MKT2vEvWLmY|none|0|2020-05-31T13:23:45Z|2020-05-31T13:23:45Z
UgyzW45tWi-TNgZu9PR4AaABAg|"당당진"|https://yt3.ggpht.com/a/AATXAJyB-jf3BAyhLYOG_hwiDeqsgSose7k0b7CEDw=s48-c-k-c0xffffffff-no-rj-mo|http://www.youtube.com/channel/UCTukgNbecpIqXLeTurpCuOQ|UCTukgNbecpIqXLeTurpCuOQ|"건강식품유자"|MKT2vEvWLmY|none|0|2020-05-02T16:38:34Z|2020-05-02T16:38:34Z
UgxOv1TfaC1UNhOWCiF4AaABAg|"freeman"|https://yt3.ggpht.com/a/AATXAJyTVZgr6XsLZ89oTrO4Me1QlXKFsBWGCen3dUnmwQ=s48-c-k-c0xffffffff-no-rj-mo|http://www.youtube.com/channel/UCZu3mBNHE6yl5BV9Ygzk6IQ|UCZu3mBNHE6yl5BV9Ygzk6IQ|"좋은영상 감사합니다..가보고싶네요.."|MKT2vEvWLmY|none|0|2019-11-23T11:47:00Z|2019-11-23T11:47:00Z
UgyN9IXy-0yYK6cm8Al4AaABAg|"daenamu hwang"|https://yt3.ggpht.com/a/AATXAJwI9SdGtLJnKPVnCHBnmDX1XsaluRhuxEOh2rXo=s48-c-k-c0xffffffff-no-rj-mo|http://www.youtube.com/channel/UCSZNfpaf-jE2iJSmYrDJ9mg|UCSZNfpaf-jE2iJSmYrDJ9mg|"완도군청 홍보팀 열일 하네요^^  홍보영상도 만들고^^"|MKT2vEvWLmY|none|0|2019-03-17T10:34:36Z|2019-03-17T10:34:36Z
UgxnEyxfOuSPGA2dqE14AaABAg|"freeman"|https://yt3.ggpht.com/a/AATXAJyTVZgr6XsLZ89oTrO4Me1QlXKFsBWGCen3dUnmwQ=s48-c-k-c0xffffffff-no-rj-mo|http://www.youtube.com/channel/UCZu3mBNHE6yl5BV9Ygzk6IQ|UCZu3mBNHE6yl5BV9Ygzk6IQ|"멋진 곳이 숨어있었네오.."|O8s5TqRwF8o|none|0|2019-11-23T11:53:04Z|2019-11-23T11:53:04Z
Ugxi3n5YCY4DCsa1NQB4AaABAg|"김종성"|https://yt3.ggpht.com/a/AATXAJyxdujZgiraeqPtSpI_34cDsmiRtUXfTnjz-w=s48-c-k-c0xffffffff-no-rj-mo|http://www.youtube.com/channel/UCblKNc2_ErfrkB7xiWkNh4g|UCblKNc2_ErfrkB7xiWkNh4g|"1986년도에 금당도에 살았는데, 예전과 다르게 많이 변했네요. (민족과 민족이 맞서 일어나고 왕국과 왕국이 맞서 일어날 것이며, 곳곳에 식량 부족과 지진이 있을 것입니다. 이 모든일은 진통의 시작입니다.-마태복음 24:7,8      땅은 영원히 남아 있다.-전도서 1:4        의로운 자들은 땅을 차지하고 거기서 영원히 살 것이다.-시편 37:29       그분은 그들의 눈에서 모든 눈물을 닦아 주실 것이다. 더 이상 죽음이 없고, 슬픔과 부르짖음과 고통도 더는 없을 것이다. 이전 것들이 다 사라져 버린 것이다.-요한 계시록 21:4)  (만성질환자는) 네 저수조(방광)에서 (나오는) 물(본인 오줌)을 마시고, 네 우물에서 흐르는 물을 마셔라.-잠언 5:15"|O8s5TqRwF8o|none|0|2018-12-28T10:16:19Z|2018-12-28T10:16:19Z
UgxkW9ZVM6QltQd2Z014AaABAg|"강금열"|https://yt3.ggpht.com/a/AATXAJxotAcCC32EKeeSpxsSRSjVpbDrYJ-p1iHJNw=s48-c-k-c0xffffffff-no-rj-mo|http://www.youtube.com/channel/UC49tjXx7-Lt2DmQMo0hi-wA|UC49tjXx7-Lt2DmQMo0hi-wA|"남도여행은 안전하고 행복하게 최고급차 벤츠스프린터17인승으로 010 2005 7556으로 연락주세요. 내고향 정도리구계등은 명승3호랍니다."|1ay6kQ2aWuc|none|1|2020-07-14T23:57:51Z|2020-07-14T23:57:51Z
UgwNp2l7jYSMCN41JId4AaABAg|"장동규"|https://yt3.ggpht.com/a/AATXAJykR5Syg6WVAH40IhtNSRcetOiJ6FzmGjUS_g=s48-c-k-c0xffffffff-no-rj-mo|http://www.youtube.com/channel/UCg7IVbXwzbh5QNGMf_iab4w|UCg7IVbXwzbh5QNGMf_iab4w|"생일도 갈때도 여권 필요해요?"|SnsHqzMr7Po|none|0|2018-10-15T08:35:44Z|2018-10-15T08:35:44Z
UgwylAEGM2w-dc69Aah4AaABAg|"강휘동"|https://yt3.ggpht.com/a/AATXAJwvrJHm9Uek40ByDn4e2pKyzAcMoUPKW-dlRw=s48-c-k-c0xffffffff-no-rj-mo|http://www.youtube.com/channel/UC_2-FF98sSLYWZFVyUSF0Xg|UC_2-FF98sSLYWZFVyUSF0Xg|"내 고향 완도 최고"|I_0bgiLCPsk|none|1|2018-02-08T14:00:12Z|2018-02-08T14:00:12Z
Ugzy-WqXfsXjJLcKl9l4AaABAg|"당당진"|https://yt3.ggpht.com/a/AATXAJyB-jf3BAyhLYOG_hwiDeqsgSose7k0b7CEDw=s48-c-k-c0xffffffff-no-rj-mo|http://www.youtube.com/channel/UCTukgNbecpIqXLeTurpCuOQ|UCTukgNbecpIqXLeTurpCuOQ|"강정명김경식내팔"|svSknLlHg0I|none|0|2020-07-03T23:16:19Z|2020-07-03T23:16:19Z
UgxNer1FDEdHyTbq4RF4AaABAg|"오창호"|https://yt3.ggpht.com/a/AATXAJx9ype3DmXr7wB2n7MagBxpcr6xSd4hAAIdRA=s48-c-k-c0xffffffff-no-rj-mo|http://www.youtube.com/channel/UCqLrSLMTcWucJuDubILuW6A|UCqLrSLMTcWucJuDubILuW6A|"완도해조류홍보 최고입니다 고맙습니다"|svSknLlHg0I|none|0|2020-04-01T12:07:32Z|2020-04-01T12:07:32Z
Ugia5_rjIQWKmHgCoAEC|"遠藤誠一"|https://yt3.ggpht.com/a/AATXAJw7fdFnyigmJDWL3EKihQH-8uMhL9OnzjWl4e-o=s48-c-k-c0xffffffff-no-rj-mo|http://www.youtube.com/channel/UCKNDrpAdc-q0EiK_2vs943Q|UCKNDrpAdc-q0EiK_2vs943Q|"トンスル半島の海は大腸菌汚染されている？！  糞尿の海洋投棄"|h0FrX4o4vOk|none|0|2017-07-28T00:14:52Z|2017-07-28T00:14:52Z
Ugg5-gigWHDs13gCoAEC|"遠藤誠一"|https://yt3.ggpht.com/a/AATXAJw7fdFnyigmJDWL3EKihQH-8uMhL9OnzjWl4e-o=s48-c-k-c0xffffffff-no-rj-mo|http://www.youtube.com/channel/UCKNDrpAdc-q0EiK_2vs943Q|UCKNDrpAdc-q0EiK_2vs943Q|"トンスル半島の海は大腸菌汚染されている？！  糞尿の海洋投棄 http:debuo02.up.seesaa.netimageE99F93E59BBDE6B5B7E6B48BE68A95E6A384-thumbnail2.jpg"|102btt2QS60|none|0|2017-07-28T00:16:45Z|2017-07-28T00:16:45Z
UgjX88rx12esTngCoAEC|"HijabIntention"|https://yt3.ggpht.com/a/AATXAJyOwtvwy8gocAS0e3FoIvByYbZqDbXDBJRs7A=s48-c-k-c0xffffffff-no-rj-mo|http://www.youtube.com/channel/UC5zvstBjpzMdF0UWmXSm_Lg|UC5zvstBjpzMdF0UWmXSm_Lg|"where can i book a hotel?"|102btt2QS60|none|0|2014-09-08T10:32:57Z|2014-09-08T10:32:57Z
Ugw0zrkQHq91dhZo_3h4AaABAg|"강금열"|https://yt3.ggpht.com/a/AATXAJxotAcCC32EKeeSpxsSRSjVpbDrYJ-p1iHJNw=s48-c-k-c0xffffffff-no-rj-mo|http://www.youtube.com/channel/UC49tjXx7-Lt2DmQMo0hi-wA|UC49tjXx7-Lt2DmQMo0hi-wA|"내고향 완도 안전하고 행복하게 최고급차벤츠스프린터17인승 010 2005 7556으로 연락주세요."|4RWFARlyAY0|none|1|2020-06-26T14:16:52Z|2020-06-26T14:16:52Z
UgyjfMUHev78WLaubtF4AaABAg|"강금열"|https://yt3.ggpht.com/a/AATXAJxotAcCC32EKeeSpxsSRSjVpbDrYJ-p1iHJNw=s48-c-k-c0xffffffff-no-rj-mo|http://www.youtube.com/channel/UC49tjXx7-Lt2DmQMo0hi-wA|UC49tjXx7-Lt2DmQMo0hi-wA|"안녕하세요 ? 남도여행은 안전하고 행복하게 최고급차로  벤츠스프린터17인승 010 2005 7556으로 연락주세요."|4RWFARlyAY0|none|0|2020-06-07T21:47:03Z|2020-06-07T21:47:03Z
UgwAZDtnK8taqL1POp54AaABAg|"강금열"|https://yt3.ggpht.com/a/AATXAJxotAcCC32EKeeSpxsSRSjVpbDrYJ-p1iHJNw=s48-c-k-c0xffffffff-no-rj-mo|http://www.youtube.com/channel/UC49tjXx7-Lt2DmQMo0hi-wA|UC49tjXx7-Lt2DmQMo0hi-wA|"내고향 완도 가실때는 최고급 벤츠스프린터17인승, 010 2005 7556으로 모시도록 하겠습니다."|4RWFARlyAY0|none|0|2020-05-28T14:19:19Z|2020-05-28T14:19:19Z
UgxMPoNjMEzOnLx09l14AaABAg|"Benu Foster"|https://yt3.ggpht.com/a/AATXAJwIL1JYHqs6bN2bwVYuE3A1LAdL5Dx_yCrAar5C0A=s48-c-k-c0xffffffff-no-rj-mo|http://www.youtube.com/channel/UCIp0Jyp7hH5YIpLZcL0foZQ|UCIp0Jyp7hH5YIpLZcL0foZQ|"Что нужно было сделать в прошлой жизни чтобы оказаться там?!?!?!? 😍😍😍"|4RWFARlyAY0|none|1|2020-04-05T15:04:27Z|2020-04-05T15:04:27Z
UgxL4-qP_FDvnxi1SO54AaABAg|"킴탵해"|https://yt3.ggpht.com/a/AATXAJwDnfcrWRwLe--BcAm-M_ia9NSQ4E0Zvy18hpgN=s48-c-k-c0xffffffff-no-rj-mo|http://www.youtube.com/channel/UCQbCK07x7Aw4wsh90Qp6t1A|UCQbCK07x7Aw4wsh90Qp6t1A|"안녕하세요, 마이리틀텔레비전 김태연 작가라고 합니다. 다름이 아니라, 저희 프로그램에서 완도를 소개하는 영상에서 이 홍보영상을 사용해도 될까요?"|4RWFARlyAY0|none|1|2019-10-10T03:54:38Z|2019-10-10T03:54:38Z
UgzZe9SjJ__oXxzDxfl4AaABAg|"jjoak07"|https://yt3.ggpht.com/a/AATXAJzmS52_9ecJEZdTrx7PEJhcZp9jYt6Si0ccbZnR=s48-c-k-c0xffffffff-no-rj-mo|http://www.youtube.com/channel/UC-Z5eDOnU5-zqLSRJ-UnGOA|UC-Z5eDOnU5-zqLSRJ-UnGOA|"https:youtu.beYR5USHu6D6U"|4RWFARlyAY0|none|0|2019-04-25T14:04:18Z|2019-04-25T14:04:18Z
UgykC5kR_Wrc-i3luCF4AaABAg|"김학녕"|https://yt3.ggpht.com/a/AATXAJwY7uyakSeEustnU_9nBILCcpnUlRorHM6rRA=s48-c-k-c0xffffffff-no-rj-mo|http://www.youtube.com/channel/UCfIlUs6ktTqdJL8zJSFpIkw|UCfIlUs6ktTqdJL8zJSFpIkw|"1박2일로 그제어제 완도관광  10년만에 다시 다녀왔는데 아주 좋아졌읍니다. 완도 군청의 홍보영상 보고 다 보고왔읍니다. 감사합니다 !"|4RWFARlyAY0|none|1|2019-01-23T13:00:06Z|2019-01-23T13:02:42Z
UgxYpTPSY07sFT2QKp94AaABAg|"hilai san a"|https://yt3.ggpht.com/a/AATXAJzL6Sx7-fDu_rjHtbXkyLNSxHLaa5CzmXce6owO=s48-c-k-c0xffffffff-no-rj-mo|http://www.youtube.com/channel/UCPlesJIg2vcWzbKAZR-i9hA|UCPlesJIg2vcWzbKAZR-i9hA|"홍보해줘서 고맙슈"|4RWFARlyAY0|none|1|2018-07-05T10:19:44Z|2018-07-05T10:19:44Z
UgyFEaAZLUkRxJ-FTN54AaABAg|"hilai san a"|https://yt3.ggpht.com/a/AATXAJzL6Sx7-fDu_rjHtbXkyLNSxHLaa5CzmXce6owO=s48-c-k-c0xffffffff-no-rj-mo|http://www.youtube.com/channel/UCPlesJIg2vcWzbKAZR-i9hA|UCPlesJIg2vcWzbKAZR-i9hA|"우리시골 완도인데"|4RWFARlyAY0|none|0|2018-07-05T10:19:05Z|2018-07-05T10:19:05Z
Ugh06xJKx_dIongCoAEC|"좀비뉴tv"|https://yt3.ggpht.com/a/AATXAJzFWurBalPhoAACCYiTtCMWXYJgXbNkx-d3Zz_X=s48-c-k-c0xffffffff-no-rj-mo|http://www.youtube.com/channel/UCnbbC_T1kwRMBFg5ikv9tgg|UCnbbC_T1kwRMBFg5ikv9tgg|"?"|4RWFARlyAY0|none|0|2017-05-04T04:29:24Z|2017-05-04T04:29:24Z
Ugha7Bdic7yXrHgCoAEC|"좀비뉴tv"|https://yt3.ggpht.com/a/AATXAJzFWurBalPhoAACCYiTtCMWXYJgXbNkx-d3Zz_X=s48-c-k-c0xffffffff-no-rj-mo|http://www.youtube.com/channel/UCnbbC_T1kwRMBFg5ikv9tgg|UCnbbC_T1kwRMBFg5ikv9tgg|"완도시골아님"|4RWFARlyAY0|none|0|2017-05-04T04:29:19Z|2017-05-04T04:29:19Z
UggqGQtp0F-9engCoAEC|"국대데헤아"|https://yt3.ggpht.com/a/AATXAJyZR4E8zCgIARi8vBt0b_RDMdx0-juLHwKGUP3NSg=s48-c-k-c0xffffffff-no-rj-mo|http://www.youtube.com/channel/UCt4F9_eEQ9yZ6K3LqTglcmQ|UCt4F9_eEQ9yZ6K3LqTglcmQ|"저완도사람ㅋㅋ"|4RWFARlyAY0|none|0|2017-04-01T04:23:45Z|2017-04-01T04:23:45Z
UgjGEuSN-uWOUHgCoAEC|"담YouTube유"|https://yt3.ggpht.com/a/AATXAJxZUH_JmJR0uEulqyjLJ2-i2gchxMWe48RvcFlEEQ=s48-c-k-c0xffffffff-no-rj-mo|http://www.youtube.com/channel/UCYQGkIt_VGcUCJxh_qTLMIQ|UCYQGkIt_VGcUCJxh_qTLMIQ|"우리왜할머니집이라100번넘게같음"|4RWFARlyAY0|none|0|2016-12-18T11:09:40Z|2016-12-18T11:09:40Z
UgjxSUbYIBLo0XgCoAEC|"완도"|https://yt3.ggpht.com/a/AATXAJy_cTIAEb5TME_hb5yIcqjnc9bUQ7ZWa-Ak0Q=s48-c-k-c0xffffffff-no-rj-mo|http://www.youtube.com/channel/UCjnbaYBZPYQZTooUNrMAhlw|UCjnbaYBZPYQZTooUNrMAhlw|"나  라닛!"|4RWFARlyAY0|none|0|2016-10-29T07:24:26Z|2016-10-29T07:24:26Z
UgjuHXqHN-KEangCoAEC|"박시우"|https://yt3.ggpht.com/a/AATXAJyUuUXsRYTEg8v_D1t_G7mf6mxWtojUCWuxvmI-=s48-c-k-c0xffffffff-no-rj-mo|http://www.youtube.com/channel/UCNJsslvbTcXjWX_qmuj06Hw|UCNJsslvbTcXjWX_qmuj06Hw|"고향이 고금돈디요"|4RWFARlyAY0|none|0|2016-09-02T14:53:41Z|2016-09-02T14:53:41Z
UgjKSYXG02NyR3gCoAEC|"신유정"|https://yt3.ggpht.com/a/AATXAJyoZsQvpD8Zl2y7rCP3kD7PWPa2eEpHqOouDw=s48-c-k-c0xffffffff-no-rj-mo|http://www.youtube.com/channel/UCn2MCeBlPQfqueKl-Uq5fug|UCn2MCeBlPQfqueKl-Uq5fug|"저도  완도 금 신고합니다  정말좋아요"|4RWFARlyAY0|none|0|2016-03-16T10:39:06Z|2016-03-16T10:39:06Z
UgiYIg6r-7UxjngCoAEC|"Tigers KIA"|https://yt3.ggpht.com/a/AATXAJwRK3M0t2onwKsCgdnhaIl3j19au1V8468uwcbTlA=s48-c-k-c0xffffffff-no-rj-mo|http://www.youtube.com/channel/UCrtxmqWFMTkiEMJq3QA0jHA|UCrtxmqWFMTkiEMJq3QA0jHA|"내가완도사람인데"|4RWFARlyAY0|none|2|2015-11-09T07:07:39Z|2015-11-09T07:07:39Z
UgikxXQ8sMlxBngCoAEC|"이형록"|https://yt3.ggpht.com/a/AATXAJwNGtsWlPA3f7GlRgEn39MX2LalYYbCajJ_4A=s48-c-k-c0xffffffff-no-rj-mo|http://www.youtube.com/channel/UCqwZAZFjfrqG29aYbEs4Q6w|UCqwZAZFjfrqG29aYbEs4Q6w|"자랑스런 완도 살고싶은 완도 사랑합니다.ㅎ"|4RWFARlyAY0|none|2|2014-04-10T22:48:38Z|2014-04-10T22:48:38Z
UgjWdK3uBeAT-3gCoAEC|"so-yeon Hwang"|https://yt3.ggpht.com/a/AATXAJzM5wW1SKsCFgV_N8T8VwHRk-5rbrczRQ4__Q=s48-c-k-c0xffffffff-no-rj-mo|http://www.youtube.com/channel/UCZIdzUsJtUtlEQS_eUgvZCQ|UCZIdzUsJtUtlEQS_eUgvZCQ|"Good !!!"|4RWFARlyAY0|none|0|2013-12-19T05:08:13Z|2013-12-19T05:08:13Z
UgjxdDqKZqdGsngCoAEC|"박성완"|https://yt3.ggpht.com/a/AATXAJxr-1fORb3U1gp-ZySK5IcX0rYNNAJNd1RDGA=s48-c-k-c0xffffffff-no-rj-mo|http://www.youtube.com/channel/UCB2yQPyTwnwixUJSAOwdlIw|UCB2yQPyTwnwixUJSAOwdlIw|"좋아요~"|vAeu_apdk5s|none|0|2014-01-13T03:03:17Z|2014-01-13T03:03:17Z
UghSAeYtyHjmUHgCoAEC|"#**"|https://yt3.ggpht.com/a/AATXAJwGMjqJr52IaNOfkM2YEc9HPLSUHfSzqGfLgQ=s48-c-k-c0xffffffff-no-rj-mo|http://www.youtube.com/channel/UCbL6rPRqPSb7nj-ShtIaWMA|UCbL6rPRqPSb7nj-ShtIaWMA|"멋지네요"|vAeu_apdk5s|none|0|2013-12-18T15:39:10Z|2013-12-18T15:39:10Z
UgyNAxGC8yLRr55zAO14AaABAg|"Yoo Kwang-On"|https://yt3.ggpht.com/a/AATXAJw_ggmc6ZsXV_x7SqfgPd4YRF7Le86MAxC6uw=s48-c-k-c0xffffffff-no-rj-mo|http://www.youtube.com/channel/UCn1I0L_6NyAJ5MmVp_wZ_BA|UCn1I0L_6NyAJ5MmVp_wZ_BA|"오 정해씨 는 대한민국 국보 1호."|KUZOSg1pxZY|none|0|2013-08-08T17:07:35Z|2013-08-08T17:07:35Z
