id|subscriptionChannelId|publishedAt|title|description|thumbnailUrl|totalItemCount|newItemCount
UCpCtv8fw6egexjhOJpN1IZw|UCp-pqXsizklX3ZHvLxXyhxw|2020-06-03T07:10:17.894000Z|"DAY6"|"DAY6 Official YouTube"|https://yt3.ggpht.com/-wbUgTLxbfBc/AAAAAAAAAAI/AAAAAAAAAAA/2clF-PsytDI/s88-c-k-no-mo-rj-c0xffffff/photo.jpg|247|0
UCpCtv8fw6egexjhOJpN1IZw|UCiBr0bK06imaMbLc8sAEz0A|2013-05-13T04:55:01Z|"MBCentertainment"|"Welcome to the official YouTube page of MBC, MBCentertainment A perfect channel full of entertainment and fun! Enjoy our exclusive content, Subscribe and stay tuned for the latest updates!"|https://yt3.ggpht.com/-ETl6ep3WnbQ/AAAAAAAAAAI/AAAAAAAAAAA/lMRgJfLKEE0/s88-c-k-no-mo-rj-c0xffffff/photo.jpg|77191|0
UCpCtv8fw6egexjhOJpN1IZw|UCEgdi0XIXXZ-qJOFPf4JSKw|2013-05-13T04:55:01Z|"Sports"|"athletics : physical sports and games of any kind"|https://yt3.ggpht.com/-hdAXUbm-7rc/AAAAAAAAAAI/AAAAAAAAAAA/7VKn3I_QT8k/s88-c-k-no-mo-rj-c0xffffff/photo.jpg|0|0
UCpCtv8fw6egexjhOJpN1IZw|UCKp8knO8a6tSI1oaLjfd9XA|2019-05-28T05:11:58.410000Z|"KIAíƒ€ì´ê±°ì¦ˆ TV"|""|https://yt3.ggpht.com/-2VAisopJqNY/AAAAAAAAAAI/AAAAAAAAAAA/OfzzSa3r90g/s88-c-k-no-mo-rj-c0xffffff/photo.jpg|775|0
UCpCtv8fw6egexjhOJpN1IZw|UCWiS4vemV0wcxuxYPx9Z62g|2019-06-14T04:58:47.819000Z|"ì¶©ì£¼ì‹œ"|"ì¶©ì£¼ì‹œ ê³µì‹ ìœ íŠœë¸Œ  â–¶ë§¤ì£¼ (í™”) ì €ë… 6ì‹œ ê³µê°œ  #ì¶©ì£¼ #ê³µë¬´ì› #í™ë³´ë§¨"|https://yt3.ggpht.com/-3lIBZ7YB1Kg/AAAAAAAAAAI/AAAAAAAAAAA/v5Fm818JXwI/s88-c-k-no-mo-rj-c0xffffff/photo.jpg|71|0
UCpCtv8fw6egexjhOJpN1IZw|UCtQ7Fc7Eny5MfWa9QD6CqcA|2020-02-19T07:06:17.321000Z|"ì—¬ìˆ˜ì‹œ-ì—¬ìˆ˜ì´ì•¼ê¸°"|"ì•„ë¦„ë‹¤ìš´ ì—¬ìˆ˜ í–‰ë³µí•œ ì‹œë¯¼ ì‹œë¯¼ê³¼ í•¨ê»˜í•˜ëŠ” í•´ì–‘ê´€ê´‘ íœ´ì–‘ë„ì‹œ ì—¬ìˆ˜, ì—¬ìˆ˜ì‹œ, ì—¬ìˆ˜ì‹œì²­ ì—¬ìˆ˜ì‹œ ê³µì‹ ìœ íŠœë¸Œ ì±„ë„"|https://yt3.ggpht.com/-7oTEU6PMNyk/AAAAAAAAAAI/AAAAAAAAAAA/TUDiKR-MpRE/s88-c-k-no-mo-rj-c0xffffff/photo.jpg|90|0
UCpCtv8fw6egexjhOJpN1IZw|UCboJhXNpjKROxeOsjvkyk9w|2020-05-20T05:38:13.020000Z|"ì¶©ì²­ë‚¨ë„ Chungnam"|"ì¶©ì²­ë‚¨ë„ ê³µì‹ ìœ íŠœë¸Œ ì±„ë„ ì…ë‹ˆë‹¤. ì¶©ì²­ë‚¨ë„ì˜ ë‹¤ì–‘í•œ ì˜ìƒ ì†Œì‹ì„ ì œê³µí•©ë‹ˆë‹¤."|https://yt3.ggpht.com/-YuH_CRhLzVY/AAAAAAAAAAI/AAAAAAAAAAA/CaauFiympi4/s88-c-k-no-mo-rj-c0xffffff/photo.jpg|3250|0
UCpCtv8fw6egexjhOJpN1IZw|UCLkAepWjdylmXSltofFvsYQ|2019-11-22T02:07:38.354000Z|"BANGTANTV"|"BTS Official YouTube Channel"|https://yt3.ggpht.com/-W0mW5OU8YV0/AAAAAAAAAAI/AAAAAAAAAAA/Pbh3LomrKK4/s88-c-k-no-mo-rj-c0xffffff/photo.jpg|1256|0
UCpCtv8fw6egexjhOJpN1IZw|UCthJmagEe0ylvhyQ5xshcwA|2019-10-14T00:50:36.489000Z|"ëŒ€ì „ì‹œ DaeJeon"|"ëŒ€ì „ì‹œì¸í„°ë„·ë°©ì†¡ ìœ íŠœë¸Œì±„ë„  ëŒ€ì „ì˜ ëª…ì†Œ, ë¬¸í™”, ê´€ê´‘, ì¶•ì œ ë“± ë‹¤ì–‘í•œ ì†Œì‹ì„ ë™ì˜ìƒìœ¼ë¡œ ë§Œë‚˜ë³´ì„¸ìš”.  #ëŒ€ì „ì‹œ #ëŒ€ì „ê´‘ì—­ì‹œ #ëŒ€ì „ #ëŒ€ì „ì‹œì²­ #Daejeon #ëŒ€ì „ì‹œì¸í„°ë„·ë°©ì†¡ #ì´ì¸ ëŒ€ì „TV"|https://yt3.ggpht.com/-YcvfvhpA8Ig/AAAAAAAAAAI/AAAAAAAAAAA/CQdRDRbl4YQ/s88-c-k-no-mo-rj-c0xffffff/photo.jpg|284|0
UCpCtv8fw6egexjhOJpN1IZw|UCmhag2BGdyBuQWF0vPuZ5yA|2019-06-14T04:54:46.262000Z|"ì»¬ëŸ¬í’€ëŒ€êµ¬TV"|"ëŒ€êµ¬ê´‘ì—­ì‹œ ê³µì‹ ìœ íŠœë¸Œ ì±„ë„ì…ë‹ˆë‹¤. :) ì§„ì§œ ëŒ€êµ¬ë¥¼ ë§Œë‚˜ë³´ì„¸ìš”~  Welcome to our YouTube channel. You'll find videos of interest about the City and beyond. www.daegu.go.kr"|https://yt3.ggpht.com/-d92egEZ1gJI/AAAAAAAAAAI/AAAAAAAAAAA/qBfOys7kLJY/s88-c-k-no-mo-rj-c0xffffff/photo.jpg|839|0
UCpCtv8fw6egexjhOJpN1IZw|UCLKuglhGlMmDteQKoniENIQ|2020-02-13T07:08:06.029000Z|"14F ì¼ì‚¬ì—í”„"|"MBC 14ì¸µ ì‚¬ëŒë“¤ì´ ë§Œë“œëŠ” ì§§ê³  ë˜‘ë˜‘í•œ ë‰´ìŠ¤"|https://yt3.ggpht.com/-gu0fveCQr4Q/AAAAAAAAAAI/AAAAAAAAAAA/A_HNHXVUDt4/s88-c-k-no-mo-rj-c0xffffff/photo.jpg|1274|0
UCpCtv8fw6egexjhOJpN1IZw|UCyn-K7rZLXjGl7VXGweIlcA|2019-07-05T07:02:20.724000Z|"ë°±ì¢…ì›ì˜ ìš”ë¦¬ë¹„ì±… Paik's Cuisine"|""|https://yt3.ggpht.com/-OnyxhQhoGk4/AAAAAAAAAAI/AAAAAAAAAAA/b48vPgr95iI/s88-c-k-no-mo-rj-c0xffffff/photo.jpg|212|0
UCpCtv8fw6egexjhOJpN1IZw|UC-wL5ml0t2M_947DLIHdDjg|2019-06-12T06:52:04.496000Z|"kbcê´‘ì£¼ë°©ì†¡"|"ìš”ì¦˜ ê²ƒë“¤ì´ ë§Œë“œëŠ” ìš”ì¦˜ ì´ì•¼ê¸° ê´‘ì£¼Â·ì „ë‚¨ì˜ ì¬ë¯¸ìˆê³  ìœ ìš©í•œ ì •ë³´ë¥¼ ì›í•œë‹¤ë©´ êµ¬ë…ê³¼ ì•Œë¦¼ì„¤ì •ì„ ëˆŒëŸ¬ì£¼ì„¸ìš”!"|https://yt3.ggpht.com/-ZhyMLo4-8Tk/AAAAAAAAAAI/AAAAAAAAAAA/dCkB9MZwOqE/s88-c-k-no-mo-rj-c0xffffff/photo.jpg|4227|0
UCpCtv8fw6egexjhOJpN1IZw|UCosgR0a4guwZ_BwiV-c5U8w|2020-06-10T07:32:14.964000Z|"ì„¸ì¢…íŠ¹ë³„ìì¹˜ì‹œ"|"ì„¸ì¢…íŠ¹ë³„ìì¹˜ì‹œ ê³µì‹ ìœ íŠœë¸Œ ì…ë‹ˆë‹¤. ì„¸ì¢…ì‹œì˜ ë‹¤ì–‘í•œ ì†Œì‹ì„ ì˜ìƒìœ¼ë¡œ ë§Œë‚˜ë³´ì„¸ìš”. (ì±„ë„ëª… ë³€ê²½ : ì„¸ì¢…ì•Œë¦¬ë¯¸ â†’ ì„¸ì¢…íŠ¹ë³„ìì¹˜ì‹œ)"|https://yt3.ggpht.com/-mA85JNP4i30/AAAAAAAAAAI/AAAAAAAAAAA/55VELK8q8Kg/s88-c-k-no-mo-rj-c0xffffff/photo.jpg|184|0
UCpCtv8fw6egexjhOJpN1IZw|UCXXA3M3rNQ1NTJZyUJOekPw|2020-06-24T05:18:31.661000Z|"ë¬¸í™”ì²´ìœ¡ê´€ê´‘ë¶€"|"Welcome to the YOUTUBE channel for the Republic of Korea Ministry of Culture, Sports and Tourism(MCST). Please like and subscribeğŸ“¢  We will keep you updated on the official information and features about our work.  ëŒ€í•œë¯¼êµ­ ë¬¸í™”ì²´ìœ¡ê´€ê´‘ë¶€ì˜ ê³µì‹ ìœ íŠœë¸Œ ì±„ë„ì…ë‹ˆë‹¤."|https://yt3.ggpht.com/-eqaZ9MCWwMA/AAAAAAAAAAI/AAAAAAAAAAA/YtRJ6giigSw/s88-c-k-no-mo-rj-c0xffffff/photo.jpg|1877|0
UCpCtv8fw6egexjhOJpN1IZw|UCtckgmUcpzqGnzcs7xEqMzQ|2019-11-29T13:06:52.665000Z|"ìì´ì–¸íŠ¸ í­TV"|"Instagram @giantpengsoo  "ì„±ê³µí•œ í•œêµ­ì˜ í¬ë¦¬ì—ì´í„°ë¥¼ ê¿ˆê¾¸ë©° ë‚¨ê·¹ì—ì„œ ì™”ì–´ìš”."  í’ˆì¢…: ìì´ì–¸íŠ¸ í­ê·„ ì´ë¦„: í­ìˆ˜(í™œë™ëª…) ì§ì—…: EBS ì—°ìŠµìƒ ì‹ ì¥: 210 cm  "í­-í•˜(í­ìˆ˜ í•˜ì´ë¼ëŠ” ëœ»)""|https://yt3.ggpht.com/--Fstucrfe_Q/AAAAAAAAAAI/AAAAAAAAAAA/FAuxsxZoMoY/s88-c-k-no-mo-rj-c0xffffff/photo.jpg|221|0
UCpCtv8fw6egexjhOJpN1IZw|UCbA2VakFfa-eMFa9YuN6sgg|2019-06-12T06:54:45.488000Z|"KBSê´‘ì£¼"|"KBS ê´‘ì£¼ ìœ íŠœë¸Œ ì±„ë„ì…ë‹ˆë‹¤."|https://yt3.ggpht.com/-42gk1YsOG3g/AAAAAAAAAAI/AAAAAAAAAAA/SlTTIY5LsIY/s88-c-k-no-mo-rj-c0xffffff/photo.jpg|3666|0
UCpCtv8fw6egexjhOJpN1IZw|UCogSL3zYFY8qt7R9jREIVHw|2020-06-10T07:35:01.533000Z|"í•´ì¹˜TV"|"ì•ˆë…•í•´ì¹˜ìš”~~ ì„œìš¸ì‹œ í¬ë¦¬ì—ì´í„° ì‹œë¯¼ë°”ë¼ê¸° í•´ì¹˜ì…ë‹ˆë‹¤. ì•ìœ¼ë¡œ í•´ì¹˜ê°€ ì•ˆì „í•˜ê³  í–‰ë³µí•œ ì „í†µê³¼ ë¬¸í™”ì˜ ë„ì‹œ ì„œìš¸ì„ ë§Œë“¤ê³  ì•Œë¦¬ê¸° ìœ„í•œ ì¢Œì¶©ìš°ëŒ ëª¨í—˜ë‹´ì„ í•´ì¹˜TVì—ì„œ ì§€ì¼œë³´ì„¸ìš”. í•´ì¹˜TV êµ¬ë…í•˜ì‹œë©´ í•´ì¹˜ì§€ ì•Šì¹˜~~ â›Ë“â—Ë‚Ìµâ¤"|https://yt3.ggpht.com/-obk5iSObaP0/AAAAAAAAAAI/AAAAAAAAAAA/c2MLYKbLTHY/s88-c-k-no-mo-rj-c0xffffff/photo.jpg|18|0
UCpCtv8fw6egexjhOJpN1IZw|UCa8CM5nI751GeIKSCAnLutQ|2020-05-11T23:36:56.640000Z|"Awakening"|""|https://yt3.ggpht.com/-aNPmBwLVX0k/AAAAAAAAAAI/AAAAAAAAAAA/YilDkZXw_Eo/s88-c-k-no-mo-rj-c0xffffff/photo.jpg|66|0
UCpCtv8fw6egexjhOJpN1IZw|UC35SH2IZCoDAyjdM_BKNVlA|2019-06-14T04:56:05.581000Z|"ë¶“ì‹¼ë‰´ìŠ¤ - ë¶€ì‚°ê´‘ì—­ì‹œ ê³µì‹ ìœ íŠœë¸Œ ì±„ë„"|"ë¶€ì‚°ê´‘ì—­ì‹œ ê³µì‹ ìœ íŠœë¸Œ ì±„ë„ ë¶“ì‹¼ë‰´ìŠ¤ ì…ë‹ˆë‹¤. The official Youtube channel of Busan Metropolitan CIty."|https://yt3.ggpht.com/-SqtKBB9LBpc/AAAAAAAAAAI/AAAAAAAAAAA/1wqd6DJYLHo/s88-c-k-no-mo-rj-c0xffffff/photo.jpg|1122|0
UCpCtv8fw6egexjhOJpN1IZw|UCA1TSDo1NXAGySZvqmX2A2Q|2013-05-13T04:55:01Z|"CJ ENM"|"ì „ ì„¸ê³„ì¸ì˜ ì¼ìƒì— ìƒë™ê°ì„ ì£¼ëŠ”  ê¸€ë¡œë²Œ No.1 ë¼ì´í”„ìŠ¤íƒ€ì¼ í¬ë¦¬ì—ì´í„°, CJ ENM    êµ­ë‚´ ìµœê³ ì˜ ì›°ë©”ì´ë“œ ì½˜í…ì¸ ë¥¼ ì°½ì¶œí•˜ëŠ” E&Mê³¼ ì°¨ë³„í™”ëœ ìƒí’ˆ ê¸°íšê³¼ íë ˆì´ì…˜ì˜ ì—­ëŸ‰ì„ ê°€ì§„ ì˜¤ì‡¼í•‘ì´ ë§Œë‚˜ ìƒê°ì§€ë„ ëª»í•œ Wantë¥¼ ì°½ì¡°í•˜ëŠ” ì¼ì„ í•˜ê³ ì í•©ë‹ˆë‹¤.   ë‹¨ì§€ í•„ìš”í•œ ê²ƒ, ì´ë¯¸ ì›í•˜ë˜ ê²ƒì„ ë„˜ì–´ ë¯¸ì²˜ ìƒê°ì§€ë„ ëª»í•œ Wantë¥¼ ë°œê²¬í•˜ê³  ê·¸ê²ƒì´ ì±„ì›Œì§ˆ ë•Œ, ì‚¬ëŒë“¤ì€ ê°ë™í•˜ê³  ì‚¶ì€ ì¦ê±°ì›Œì§‘ë‹ˆë‹¤.   ìš°ì—°íˆ ë§Œë‚œ ì½˜í…ì¸ ê°€ ê³§ë°”ë¡œ ì¼ìƒì˜ í•œ ì¥ë©´ì´ ë˜ëŠ” ì¼. íë ˆì´ì…˜ëœ ë¸Œëœë“œë¡œ ìƒˆë¡œìš´ ë¼ì´í”„ìŠ¤íƒ€ì¼ì„ ê²½í—˜í•˜ë„ë¡ ì´ë„ëŠ” ì¼. ì—ë„ˆì§€ì™€ ì˜ê°ìœ¼ë¡œ ê°€ë“ ì±„ì›Œì§„ ì´ ë©‹ì§„ ìˆœê°„ë“¤ì´ ë˜ ë‹¤ë¥¸ ìˆœê°„ë“¤ë¡œ ì´ì–´ì§€ëŠ” ì„¸ìƒ. ë°”ë¡œ, CJ ENMì´ ë§Œë“œëŠ” ì„¸ìƒì…ë‹ˆë‹¤.   ì´ ìˆœê°„ì„ ì¼ìƒìœ¼ë¡œ, Moments Never Ending"|https://yt3.ggpht.com/-X_CshjZU4lQ/AAAAAAAAAAI/AAAAAAAAAAA/LzOS2B5u2qA/s88-c-k-no-mo-rj-c0xffffff/photo.jpg|14895|0
UCpCtv8fw6egexjhOJpN1IZw|UC_pwIXKXNm5KGhdEVzmY60A|2013-05-13T04:55:01Z|"Stone Music Entertainment"|"Stone Music Entertainment is the leader of the worldwide K-POP sensation. Standing on top of Korea's music industry with the largest scale of investment, production and distribution, Stone Music Entertainment's exceptional operation drives the global music scene."|https://yt3.ggpht.com/-QMkGdFbhrOc/AAAAAAAAAAI/AAAAAAAAAAA/6boUKax-3EA/s88-c-k-no-mo-rj-c0xffffff/photo.jpg|6351|0
UCpCtv8fw6egexjhOJpN1IZw|UC5HSw5OY2vfVFSihpiB-AVQ|2019-08-21T06:07:37.386000Z|"TBS ì‹œë¯¼ì˜ë°©ì†¡"|"ì‹œë¯¼ì— ì˜í•œ, ì‹œë¯¼ì„ ìœ„í•œ! ì‹œë¯¼ì˜ í’ˆê²©ì„ ë†’ì—¬ ì£¼ëŠ” [TBS ì‹œë¯¼ì˜ë°©ì†¡]  â–£ ì œë³´ ë° ì˜ê²¬ â–¶TBS ì•ˆë“œë¡œì´ë“œ ì•± :  https:play.google.comstoreappsdetails?id=com.jnhstudio.tbs_AndroidApp â–¶TBS ì• í”Œ ì•± : https:apps.apple.comkrapptbsid391062560 â–¶í™ˆí˜ì´ì§€ : http:tbs.seoul.krtvindex.do â–¶í˜ì´ìŠ¤ë¶ : https:www.facebook.commylovetbs â–¶íŠ¸ìœ„í„° : https:twitter.comseoultbstv â–¶ì¸ìŠ¤íƒ€ê·¸ë¨ : https:www.instagram.comseoultbstv â–¶ì¹´ì¹´ì˜¤ìŠ¤í† ë¦¬ì±„ë„ : https:ch.kakao.comchannels@seoultbs  â–¶ë„¤ì´ë²„TV : https:tv.naver.comtbstv â–¶ì¹´ì¹´ì˜¤TV : https:tv.kakao.comchannel2658088livelink6840017?metaObjectType=Channe   â–£ ë°©ì†¡ ì•ˆë‚´ â–¶ê¹€ì–´ì¤€ì˜ ë‰´ìŠ¤ê³µì¥  (ì›”~ê¸ˆ) ì˜¤ì „ 7ì‹œ6ë¶„ â–¶ì •ì¤€í¬ì˜ í•´ì‹œíƒœê·¸  ëª©ìš”ì¼ ë°¤ 10ì‹œ 30ë¶„ â–¶ë‰´ìŠ¤ê³µì¥ ì™¸ì „ 'ë” ë£¸'  (ì›”~ëª©) ë°¤ 9ì‹œ30ë¶„ â–¶TV ë¯¼ìƒì—°êµ¬ì†Œ  (ì›”~ëª©) ì €ë… 6ì‹œ â–¶ì•„ë‹Œ ë°¤ì¤‘ì— ì£¼ì§„ìš°ì…ë‹ˆë‹¤ (í† ) 21ì‹œ30ë¶„  â–£ ì±„ë„ ë²ˆí˜¸ kt ì˜¬ë ˆ tv: 214ë²ˆ B tv: 167ë²ˆ U+ tv: 245ë²ˆ"|https://yt3.ggpht.com/-IAFsFY050z8/AAAAAAAAAAI/AAAAAAAAAAA/5_gpA_PmKvg/s88-c-k-no-mo-rj-c0xffffff/photo.jpg|29800|0
UCpCtv8fw6egexjhOJpN1IZw|UCqq-ovGE01ErlXakPihhKDA|2020-07-20T01:15:18.026000Z|"1theK Originals - ì›ë”ì¼€ì´ ì˜¤ë¦¬ì§€ë„"|"K-POP Wonderland, 1theK  K-POPì˜ ëª¨ë“  ì¦ê±°ì›€ì´ ì—¬ê¸°ì—!  1theK(ì›ë”ì¼€ì´)ì˜ ë‹¤ì–‘í•œ ì˜¤ë¦¬ì§€ë„ ì»¨í…ì¸ ë¥¼ ë§Œë‚˜ë³´ì„¸ìš”.  *Business Contact : 1theK.ad@kakao-m.com"|https://yt3.ggpht.com/-OHl8Fp-SvGU/AAAAAAAAAAI/AAAAAAAAAAA/5KSHlsLtoUM/s88-c-k-no-mo-rj-c0xffffff/photo.jpg|593|0
UCpCtv8fw6egexjhOJpN1IZw|UCgdZeqgyKQL1durJSAsFAnw|2019-02-14T08:23:57.646000Z|"ìœ¼ëœ¸ì „ë‚¨íŠœë¸Œ"|"ã€Œìƒëª…ì˜ ë•… ìœ¼ëœ¸ì „ë‚¨ã€ ë‚´ ì‚¶ì´ ë°”ë€ŒëŠ” ì „ë‚¨ í–‰ë³µì‹œëŒ€!  ì „ë¼ë‚¨ë„ ê³µì‹ ìœ íŠœë¸Œ ì±„ë„ì…ë‹ˆë‹¤.  [ì „ë¼ë‚¨ë„ SNS]  ì¸ìŠ¤íƒ€ - https:www.instagram.comjeonnam_official ì¹´ì¹´ì˜¤ìŠ¤í† ë¦¬ - https:story.kakao.comchjeollanamdo í˜ì´ìŠ¤ë¶ - https:www.facebook.comjeonnam.kr"|https://yt3.ggpht.com/-xB65KwYiSZ4/AAAAAAAAAAI/AAAAAAAAAAA/UDnuuUCYIew/s88-c-k-no-mo-rj-c0xffffff/photo.jpg|1548|0
UCpCtv8fw6egexjhOJpN1IZw|UCbZRLiEl_dsyzK4QFf-NmpQ|2019-08-21T06:21:56.472000Z|"ë¶€ì‚°ê´‘ì—­ì‹œ Bê³µì‹ì±„ë„"|"Bofficial channel  Anofficial channel  Unofficial channel  Busan ê³µë¬´ì›(ì‹œì¥ë‹˜ì´ ì•ˆ ë³¼ê±°ë¼ ë¯¿ëŠ”)ì˜ Bê¸‰ ë¸¨log, Bê³µì‹ì±„ë„  ì°¸ì—¬ë¥¼ ì›í•˜ëŠ” ì‹œë¯¼ ëˆ„êµ¬ë‚˜ í™˜ì˜í•©ë‹ˆë‹¤~~ ë¹„ê³µì‹ì  ì°¸ì—¬ ì¶”ì²œ^^"|https://yt3.ggpht.com/-rggZBGRnr4Q/AAAAAAAAAAI/AAAAAAAAAAA/JWqeBMWv8mI/s88-c-k-no-mo-rj-c0xffffff/photo.jpg|161|0
UCpCtv8fw6egexjhOJpN1IZw|UC499dzcb2Fx9RD39Vqpz-lg|2019-10-30T07:17:47.634000Z|"ê°•ì›ë„ - Gangwon"|"í‰í™”ì™€ ë²ˆì˜, ê°•ì›ì‹œëŒ€! ê°•ì›ë„ì˜ ëª¨ë“  ê²ƒì„ ì „ì„¸ê³„ì¸ê³¼ í•¨ê»˜ ë‚˜ëˆ•ë‹ˆë‹¤! [ê°•ì›ë„ì²­ ê³µì‹ ìœ íŠœë¸Œ]  Peace and prosperity, Gangwon time! Share all the information in Gangwon Province with people from all over the world! [official YouTube channel of Gangwon Province]  í˜ì´ìŠ¤ë¶ https:www.facebook.comgwdoraeyo ë„¤ì´ë²„ë¸”ë¡œê·¸ https:blog.naver.comgwdoraeyo ì¸ìŠ¤íƒ€ê·¸ë¨ https:www.instagram.comgangwon_official íŠ¸ìœ„í„° https:twitter.comhappygangwon ì¹´ì¹´ì˜¤ìŠ¤í† ë¦¬ https:story.kakao.comchbanbiraeyo í™ˆí˜ì´ì§€ http:www.provin.gangwon.krgwportal"|https://yt3.ggpht.com/-nYoPZ6Esr38/AAAAAAAAAAI/AAAAAAAAAAA/Wxy06hd0cw4/s88-c-k-no-mo-rj-c0xffffff/photo.jpg|450|0
UCpCtv8fw6egexjhOJpN1IZw|UCiGeWRkwZJL1ZH_1ImaZwmg|2019-02-14T01:38:23.941000Z|"ê°±ë‚¨í”¼ì…œ - ê²½ìƒë‚¨ë„ ê³µì‹ ìœ íŠœë¸Œ"|"-ê²½ìƒë‚¨ë„ ê³µì‹ ìœ íŠœë¸Œ ì±„ë„ì…ë‹ˆë‹¤- 'ìŠ¤ë§ˆíŠ¸ ê²½ë‚¨'ì˜ ë‹¤ì–‘í•œ ì†Œì‹ì„ ì¬ë¯¸ìˆê³  í¥ë¯¸ë¡œìš´ ì˜ìƒìœ¼ë¡œ ì—¬ëŸ¬ë¶„ë“¤ê»˜ ì „í•´ë“œë¦½ë‹ˆë‹¤. ë§ì€ êµ¬ë…ê³¼ ì¶”ì²œ ë¶€íƒë“œë ¤ìš”^^  ê³µì‹ í™ˆí˜ì´ì§€ : http:www.gyeongnam.go.kr ì¸í„°ë„·ë°©ì†¡ : http:tv.gyeongnam.go.kr ì¸í„°ë„·ë‰´ìŠ¤ : http:www.gyeongnam.go.krnews ê²½ë‚¨ê³µê° : https:www.gyeongnam.go.krgonggam í˜ì´ìŠ¤ë¶ : https:www.facebook.comgsndkorea ì¹´ì¹´ì˜¤ìŠ¤í† ë¦¬ : https:story.kakao.comchgyeongnamstory ì¸ìŠ¤íƒ€ê·¸ë¨ : http:instagram.comgsnd_korea íŠ¸ìœ„í„° : https:twitter.comgyeongnamdo  #ê²½ìƒë‚¨ë„ #ê²½ë‚¨ë„ì²­ #ê²½ë‚¨"|https://yt3.ggpht.com/-5sgvm6I7pnE/AAAAAAAAAAI/AAAAAAAAAAA/O8aMeY5C3Mg/s88-c-k-no-mo-rj-c0xffffff/photo.jpg|4131|0
UCpCtv8fw6egexjhOJpN1IZw|UCev47mZSefA6nM--tDxcxVA|2020-07-20T01:05:21.810000Z|"ëŒ€í•œë¯¼êµ­ ì •ë¶€"|"ì•ˆë…•í•˜ì„¸ìš”  ëŒ€í•œë¯¼êµ­ ì •ë¶€ ê³µì‹ ìœ íŠœë¸Œ ì±„ë„ì…ë‹ˆë‹¤.  ëŒ€í•œë¯¼êµ­ êµ­ë¯¼ ê°€ê¹Œì´ì—ì„œ  ë³´ë‹¤ ìœ ìš©í•œ ì •ë¶€ ì •ì±…ë“¤ì„ ì•Œë ¤ë“œë¦´ ìˆ˜ ìˆë„ë¡ ë…¸ë ¥í•˜ê² ìŠµë‹ˆë‹¤.  ëŒ€í•œë¯¼êµ­ ì •ë¶€ ì±„ë„ì—ì„œëŠ”  ë³´ë‹¤ ê°€ê¹ê³  í™•ì‹¤í•˜ê²Œ ì²´ê° í•  ìˆ˜ ìˆëŠ” ë‹¤ì–‘í•œ ì •ì±…ì„ ì†Œê°œí•˜ê² ìŠµë‹ˆë‹¤.  ìœ ìµí•œ ì •ì±…ì •ë³´ë¥¼ ì œê³µí•  ìˆ˜ ìˆë„ë¡ ìµœì„ ì„ ë‹¤í•˜ê² ìŠµë‹ˆë‹¤."|https://yt3.ggpht.com/-Ek7O7fHkoUc/AAAAAAAAAAI/AAAAAAAAAAA/wdeigL3R1MI/s88-c-k-no-mo-rj-c0xffffff/photo.jpg|332|0
UCpCtv8fw6egexjhOJpN1IZw|UCQabORQKQRHP-iUqe-xIFvg|2019-08-21T05:59:27.716000Z|"ìŠ¤ë¸ŒìŠ¤ë‰´ìŠ¤ SUBUSU NEWS"|"ë‰´ìŠ¤ì—ëŠ” ìœ„ì•„ë˜ê°€ ì—†ë‹¤! SBS ìŠ¤ë¸ŒìŠ¤ë‰´ìŠ¤"|https://yt3.ggpht.com/-2a4UJZbC5bI/AAAAAAAAAAI/AAAAAAAAAAA/cwXD3fUGyQ8/s88-c-k-no-mo-rj-c0xffffff/photo.jpg|2065|0
UCpCtv8fw6egexjhOJpN1IZw|UCweOkPb1wVVH0Q0Tlj4a5Pw|2013-05-13T04:55:01Z|"1theK (ì›ë”ì¼€ì´)"|""K-pop Wonderland" 1theK  K-popì„ ì´ë„ëŠ” êµ­ë‚´ ìµœê³  ì•„í‹°ìŠ¤íŠ¸ë“¤ì˜ ë®¤ì§ë¹„ë””ì˜¤ë¶€í„°, ì „ ì„¸ê³„ íŒ¬ë“¤ì´ ë³´ê³ , ë“£ê³ , ì°¸ì—¬í•  ìˆ˜ ìˆëŠ” ì˜¤ë¦¬ì§€ë„ ì»¨í…ì¸ ë“¤ê¹Œì§€! 1theKì—ì„œ ê°€ì¥ ë¹ ë¥´ê²Œ ë§Œë‚˜ë³´ì„¸ìš”! :)   Welcome to the official YouTube page of "K-pop Wonderland" 1theK Enjoy the leading K-Pop artistsâ€™ MVs, teasers and more exclusive originals for the K-pop fans all over the world on 1theK!  Stay tuned for the latest updates!   *Business contact : 1theK.ad@kakao-m.com"|https://yt3.ggpht.com/-1rNzpk0TNMc/AAAAAAAAAAI/AAAAAAAAAAA/zTbjW8YV6vs/s88-c-k-no-mo-rj-c0xffffff/photo.jpg|17576|0
UCpCtv8fw6egexjhOJpN1IZw|UCXiv1QlLhil_qGtFPaEtLDQ|2020-06-10T07:49:00.143000Z|"ì¶©ì²­ë¶ë„"|"ìƒëª…ê³¼ íƒœì–‘ì˜ ë•… ì¶©ë¶ !  ëŒ€í•œë¯¼êµ­ì˜ ì¤‘ì‹¬ ì¶©ë¶ì´ ë°”ì´ì˜¤Â·ì†”ë¼ë°¸ë¦¬ ì¡°ì„±ìœ¼ë¡œ ë¯¸ë˜ 100ë…„ì„ ì—´ì–´ê°‘ë‹ˆë‹¤."|https://yt3.ggpht.com/-gyN75Bs-7qI/AAAAAAAAAAI/AAAAAAAAAAA/zjWpfPNqG4U/s88-c-k-no-mo-rj-c0xffffff/photo.jpg|1215|0
UCpCtv8fw6egexjhOJpN1IZw|UCYgUhR7EGKauFXgJS0pckGg|2019-08-21T06:08:00.760000Z|"ì™€ì¹ë§¨-Wassup Man"|"ì™€ì¹ë§¨2 ì»´ë°±! ğŸ˜ ğŸ‘‰ë§¤ì£¼ ê¸ˆìš”ì¼ ì˜¤í›„ 5ì‹œ!  êµ¬ë…! íŒ”ë¡œìš°! ëŒ“ê¸€! ì•ŒëŒ!! ë˜ì“°ê¸°ë¦¿~Â    ìµìˆ™í•˜ì§€ë§Œ ìƒˆë¡œìš´ ì¦ê±°ì›€, JTBC ë””ì§€í„¸ ìŠ¤íŠœë””ì˜¤ ë£°ë£¨ë„ë¼ (studio lululala) * ë¹„ì¦ˆë‹ˆìŠ¤ ê´€ë ¨ ë¬¸ì˜ : lululala.ad@jtbc.co.kr * ì œë³´ì¶œì—°ì œì‘ì§„ ê´€ë ¨ ë¬¸ì˜ :  wassupman@jtbc.co.kr   Yo~ Wassup Man is on a break for a while...baaam We'll be back on this spring with new contents!!!! BAAAM~~!!! #WassupMan #studiolulula For all business related inquiries please email us at lululala.ad@jtbc.co.kr For a tip-off question, appearance related inquiries please email us at wassupman@jtbc.co.kr"|https://yt3.ggpht.com/-J2_hBTvzaN4/AAAAAAAAAAI/AAAAAAAAAAA/WyOa8gCY_H0/s88-c-k-no-mo-rj-c0xffffff/photo.jpg|127|0
UCpCtv8fw6egexjhOJpN1IZw|UCGB9QyLZi92qNXM8cnf6Qow|2019-07-30T04:26:18.048000Z|"ì´ìš©ì„­TV"|"ì •ì˜ë¡­ê³  í’ìš”ë¡œìš´ ê´‘ì£¼ë¥¼ ìœ„í•œ ê´‘ì£¼, ëŒ€í•œë¯¼êµ­ ë¯¸ë˜ë¡œ!! ì´ìš©ì„­ ê´‘ì£¼ê´‘ì—­ì‹œì¥ ìœ íŠœë¸Œ ì±„ë„ì…ë‹ˆë‹¤."|https://yt3.ggpht.com/-wyzuYVrzIMI/AAAAAAAAAAI/AAAAAAAAAAA/DLynKIrDyWo/s88-c-k-no-mo-rj-c0xffffff/photo.jpg|378|0
UCpCtv8fw6egexjhOJpN1IZw|UCjBHMHWVsC6LFVGGBa2e2UQ|2020-02-13T06:50:36.882000Z|"ì¶©ì£¼ì”¨"|"ì¶©ì¥¬ë¥´~âœŠğŸ–âœŠğŸ–   ìš°ì£¼ ìµœì´ˆ ìˆ˜ë‹¬ê³µë¬´ì› ì¶©ì£¼ì”¨!  ë‚˜ì´ : 21ì‚´ ì§ì—… : ì¶©ì£¼ì‹œ ê³µë¬´ì› ì¢…ì¡± : ìˆ˜ì»· ìˆ˜ë‹¬  ì¶©ì£¼ì‹œì™€ ì¶©ì£¼ì‹œ ë†ì‚°ë¬¼ì„ ë„ë¦¬ ì•Œë¦¬ê¸° ìœ„í•´ ë°œë²—ê³  ë‚˜ì„œëŠ” ìˆ˜ë‹¬ ê³µë¬´ì› ì¶©ì£¼ì”¨  ì¶©ì¥¬ë¥´~  (ì¶©ì£¼ë¡œ ì˜¤ì„¸ìš”ì™€ ë´‰ì¥¬ë¥´ì˜ í•©ì„±ì–´, ì¶©ì£¼ì”¨ì˜ ì¸ì‚¿ë§)  Instagram : @chungjuc"|https://yt3.ggpht.com/-WnKDTXddXhY/AAAAAAAAAAI/AAAAAAAAAAA/SgrltkfVoNw/s88-c-k-no-mo-rj-c0xffffff/photo.jpg|56|0
UCpCtv8fw6egexjhOJpN1IZw|UCgciFvhDgtOBu6ieoE9zdhg|2020-05-20T05:38:43.036000Z|"[ìŒˆë¹¡ì •ì‹] ì „ë¼ë¶ë„ ê³µì‹ ìœ íŠœë¸Œ"|"-ì „ë¼ë¶ë„ ê³µì‹ ìœ íŠœë¸Œ ì±„ë„ ì…ë‹ˆë‹¤-  ì „ë¼ë¶ë„ ê³µì‹ ìœ íŠœë¸Œ ì±„ë„ 'ìŒˆë¹¡ì •ì‹'ì€  ì „ë¶ì˜ ë‹¤ì–‘í•œ ì†Œì‹ê³¼ ì´ì•¼ê¸°ë¥¼ ì¬ë¯¸ìˆê³  í¥ë¯¸ë¡œìš´ ì˜ìƒìœ¼ë¡œ ì—¬ëŸ¬ë¶„ë“¤ê»˜ ì „í•´ë“œë¦½ë‹ˆë‹¤.  ë§ì€ êµ¬ë…ê³¼ ì¶”ì²œ ë¶€íƒë“œë¦½ë‹ˆë‹¤^^   ê³µì‹ í™ˆí˜ì´ì§€ : http:www.jeonbuk.go.kr  ì¸í„°ë„·ë°©ì†¡ : http:www.jeonbuk.go.kritv  ë¸”ë¡œê·¸: http:blog.naver.comjb.go.kr   í˜ì´ìŠ¤ë¶ : https:www.facebook.comjeonbuk.kr  ì¹´ì¹´ì˜¤ìŠ¤í† ë¦¬ :  https:story.kakao.comchjeonbukstory  ì¸ìŠ¤íƒ€ê·¸ë¨ : https:www.instagram.comjeonbukstar   íŠ¸ìœ„í„° : https:twitter.comjeonbukstar  #ì „ë¼ë¶ë„ #ì „ë¶ë„ì²­ #ì „ë¶#ìŒˆë¹¡ì •ì‹#ìƒìƒTV"|https://yt3.ggpht.com/-Iq54Lt4WQh8/AAAAAAAAAAI/AAAAAAAAAAA/noAIX2gV0BY/s88-c-k-no-mo-rj-c0xffffff/photo.jpg|1482|0
UCpCtv8fw6egexjhOJpN1IZw|UCN8CPzwkYiDVLZlgD4JQgJQ|2020-03-30T07:11:45.244000Z|"ë°•ë§‰ë¡€ í• ë¨¸ë‹ˆ Korea Grandma"|"73ì„¸ ë°•ë§‰ë¡€ í• ë¨¸ë‹ˆì˜ ë¬´í•œë„ì „ ì¸ìƒì€ ì•„ë¦„ë‹¤ì›Œ! í• ë¨¸ë‹ˆì™€ ì¦ê±°ìš´ í•˜ë£¨ í•˜ë£¨ë¥¼ ë³´ë‚´ê³ , ê¸°ë¡ í•©ë‹ˆë‹¤. ì´ ì±„ë„ì˜ ë°©í–¥ì€ í• ë¨¸ë‹ˆì˜ í–‰ë³µ ì…ë‹ˆë‹¤."|https://yt3.ggpht.com/-sTj2uP2p1Hg/AAAAAAAAAAI/AAAAAAAAAAA/ftuRI6q81YA/s88-c-k-no-mo-rj-c0xffffff/photo.jpg|328|0
UCpCtv8fw6egexjhOJpN1IZw|UCa7-3Zvxg-5Rfxgu3RQY_gw|2020-02-05T04:01:47.769000Z|"ì§ˆë³‘ê´€ë¦¬ë³¸ë¶€ì•„í”„ì§€ë§ˆTV"|"ì§ˆë³‘ìœ¼ë¡œë¶€í„° ììœ ë¡œìš´ ì„¸ìƒ"|https://yt3.ggpht.com/-FexDQC4qpAk/AAAAAAAAAAI/AAAAAAAAAAA/xsGsuxAxudI/s88-c-k-no-mo-rj-c0xffffff/photo.jpg|498|0
UCpCtv8fw6egexjhOJpN1IZw|UCyc_LKrPkD56emyTrPu4KXA|2020-01-11T06:44:07.931000Z|"ëƒ¥ê¼¬ë¦¬"|"ë¶í•œì‚° ì‚°ê¸°ìŠ­ì— ìœ„ì¹˜í•œ ëƒ¥ê¼¬ë¦¬(é‡Œ) ë§ˆì„... ëƒ¥ê¼¬ ì…‹ê³¼ ì´ì¥ ë‘˜, ê·¸ë¦¬ê³  ëƒ¥ê¼¬ë“¤ì„ ì‚¬ë‘í•˜ëŠ” êµ¬ë…ì ì£¼ë¯¼ë¶„ë“¤ì´ ëª¨ì—¬  í•œ ë§ˆì„ì´ ë˜ì—ˆìŠµë‹ˆë‹¤!    â›°ï¸ëƒ¥ê¼¬ë“¤ ì†Œê°œ ğŸ€ìëƒ (ì˜¤ë¹   ì–¼êµ´ ë³´ë‹ˆ "ì‚¬ìëƒ?" ìƒê°ì´ ë§¨ ì²˜ìŒì„ ë“¤ì–´ì„œ ìëƒ) ğŸ†ì• êµ (ë‘˜ì§¸  í•™ëŒ€ë°›ì•˜ë˜ ì• ë¥¼ ë°ë ¤ì˜¤ë‹¤ë³´ë‹ˆ ì˜¤ëœ ì‹œê°„ ì¹˜ë£Œë¥¼ í–ˆëŠ”ë° ì‹«ì—ˆì„ ë²•í•˜ì§€ë§Œ ì˜ ì°¸ê³  ëŠ˜ ì‚¬ëŒì—ê²Œ ì• êµê°€ ë§ì•„ì„œ ì• êµ)  ğŸ‡í† ì˜¤ë¼ (ë§‰ë‚´  ì–´ë ¸ì„ ë• ë„ˆë¬´ ì‘ì•„ì„œ ê¼¬ë§ˆë¼ê³  ë¶ˆë ¸ëŠ”ë° ì–´ëŠìˆœê°„ë¶€í„° í• ë¯¸ì§‘ì‚¬ê°€ "í† ë¼ì•¼" ë¶€ë¥´ê¸° ì‹œì‘, ê·¸ ë’¤ë¡œ í† ì˜¤ë¼ê°€ ë˜ì–´ë²„ë¦¼)   ğŸ¾ì¸ìŠ¤íƒ€ê·¸ë¨ : 19thfloorcats  ğŸ¾ë¹„ì¦ˆë‹ˆìŠ¤ ë¬¸ì˜ : 19thfloorcats@sandbox.co.kr"|https://yt3.ggpht.com/-62DAMNUJQpA/AAAAAAAAAAI/AAAAAAAAAAA/kk9FcG6S-pc/s88-c-k-no-mo-rj-c0xffffff/photo.jpg|403|0
UCpCtv8fw6egexjhOJpN1IZw|UCK2JegInDWoDtwEpjh4HzLg|2019-02-14T08:44:16.568000Z|"ì œì£¼íŠ¹ë³„ìì¹˜ë„"|"ì œì£¼íŠ¹ë³„ìì¹˜ë„ ê³µì‹ ìœ íŠœë¸Œ ì±„ë„ì…ë‹ˆë‹¤. The official Youtube channel of Jeju"|https://yt3.ggpht.com/-Vt3MLEhfdaI/AAAAAAAAAAI/AAAAAAAAAAA/k0LWG90yAaw/s88-c-k-no-mo-rj-c0xffffff/photo.jpg|905|0
UCpCtv8fw6egexjhOJpN1IZw|UClUMxNBoKujXtXtzdqhq9sg|2020-05-20T05:41:11.751000Z|"ë³´ì´ì†Œ TV, BOISO TV"|"This is an official YouTube channel operated by Gyeongsangbuk-do (Gyeongbuk-do Office). YouTube Channel: https:www.youtube.comchannelUClUMxNBoKujXtXtzdqhq9sg Homepage: http:www.gb.go.krtv   #Gyeongsangbukdo #Gyeongbukdo #Gyeongbuk Provincial Office #Gyeongsangbukdo YouTube #Gyeongsangbukdo video team"|https://yt3.ggpht.com/-905I3lU9OpU/AAAAAAAAAAI/AAAAAAAAAAA/aRut-ctCXNY/s88-c-k-no-mo-rj-c0xffffff/photo.jpg|1298|0
UCpCtv8fw6egexjhOJpN1IZw|UCQ2O-iftmnlfrBuNsUUTofQ|2019-10-13T23:43:01.023000Z|"ì±„ë„ ì‹­ì˜¤ì•¼"|"ì±„ë„ ë‚˜ë‚˜ë‚˜ê°€ ì±„ë„ ì‹­ì˜¤ì•¼ë¡œ ì´ë¦„ì„ ë°”ê¿¨ìŠµë‹ˆë‹¤. ì•ìœ¼ë¡œ ë‹¤ì–‘í•œ ì°½ì‘ìë“¤ì˜ â€˜ë‹¬ë‚˜ë¼â€™ê°€ëŠ” ê¿ˆê°™ì€ ì½˜í…ì¸ ë“¤ì´ ì—…ë¡œë“œ ë  ì˜ˆì •ì…ë‹ˆë‹¤. ê½‰ì°¬ ë³´ë¦„ë‹¬ ê°™ì€ ë§ì€ ì‚¬ë‘ ë¶€íƒë“œë¦½ë‹ˆë‹¤. #ì‚¬ë‘í•©ë‹ˆë‹¤êµ¬ë…ê°ì‚¬í•©ë‹ˆë‹¤"|https://yt3.ggpht.com/-qne0PYqKiT8/AAAAAAAAAAI/AAAAAAAAAAA/jzP3ciB26eo/s88-c-k-no-mo-rj-c0xffffff/photo.jpg|157|0
UCpCtv8fw6egexjhOJpN1IZw|UCRvrYUbatHPDc-snY-jCG0A|2019-06-12T06:54:24.571000Z|"ê´‘ì£¼MBC"|"ê´‘ì£¼MBC ê³µì‹ ìœ íŠœë¸Œ ì±„ë„ì…ë‹ˆë‹¤!  ì½˜í…ì¸  ì œì‘ & ê´‘ê³  ë¬¸ì˜  smc@kjmbc.co.kr"|https://yt3.ggpht.com/-jL9bJvyt-6U/AAAAAAAAAAI/AAAAAAAAAAA/z0XcXllUwEQ/s88-c-k-no-mo-rj-c0xffffff/photo.jpg|5984|0
UCpCtv8fw6egexjhOJpN1IZw|UCPPd322sdoOODb0LXsGswKg|2019-11-08T02:01:19.561000Z|"ê´‘ì£¼ë¬¸í™”ì¬ë‹¨TV"|"ê´‘ì£¼ë¬¸í™”ì¬ë‹¨ì€ ì‹œë¯¼ì˜ ì°½ì¡°ì  ë¬¸í™” í™œë™ê³¼ ë¬¸í™”ì˜ˆìˆ  í–¥ìœ  ê¸°íšŒë¥¼ í™•ëŒ€í•˜ê³ , ë¬¸í™”ì˜ˆìˆ ì§„í¥ ì •ì±…ì„ ê°œë°œí•¨ìœ¼ë¡œì¨ ë¬¸í™”ì˜ˆìˆ  ì°½ì¡°ë„ì‹œë¥¼ êµ¬í˜„í•˜ê¸° ìœ„í•´ 2011ë…„ 1ì›” ì„¤ë¦½ë˜ì—ˆìŠµë‹ˆë‹¤. ê´‘ì£¼ê´‘ì—­ì‹œì˜ ë¬¸í™”ì˜ˆìˆ ì§„í¥ê³¼ ì•„ì‹œì•„ë¬¸í™”ì¤‘ì‹¬ë„ì‹œ ì¡°ì„±ì„ ìœ„í•œ ì •ì±…ê°œë°œ ë° í™ë³´, ë¬¸í™”ì˜ˆìˆ ì˜ ì°½ì‘â€¤ë³´ê¸‰â€¤í™œë™ì˜ ì§€ì›, ë¬¸í™”ì˜ˆìˆ êµìœ¡ ë° ì—°êµ¬, ì „í†µë¬¸í™”ì˜ ê³„ìŠ¹ê³¼ ë°œì „, ë¬¸í™”ê´€ê´‘ìƒí’ˆ ê°œë°œ ë° ë§ˆì¼€íŒ… ë“±ì„ í†µí•´ ë©‹ë“¤ì–´ì§„ ë¬¸í™”ê³µë™ì²´, í–‰ë³µí•œ ì°½ì¡°ë„ì‹œ êµ¬í˜„ì„ ìœ„í•´ ê´‘ì£¼ê´‘ì—­ì‹œê°€ ì„¤ë¦½í•œ ì¶œì—°ê¸°ê´€ì…ë‹ˆë‹¤."|https://yt3.ggpht.com/-evQ8qOgK_YY/AAAAAAAAAAI/AAAAAAAAAAA/l9dBID11uPw/s88-c-k-no-mo-rj-c0xffffff/photo.jpg|210|0
UCpCtv8fw6egexjhOJpN1IZw|UCrDkAvwZum-UTjHmzDI2iIw|2018-04-06T13:40:12.872000Z|"officialpsy"|"PSY Official YouTube Channel"|https://yt3.ggpht.com/-0Xgl841SU7Y/AAAAAAAAAAI/AAAAAAAAAAA/_bKTxRDm1kw/s88-c-k-no-mo-rj-c0xffffff/photo.jpg|90|0
UCpCtv8fw6egexjhOJpN1IZw|UCe52oeb7Xv_KaJsEzcKXJJg|2013-05-13T04:55:01Z|"MBCkpop"|"Welcome to the official YouTube page of MBC, MBC Kpop Enjoy "Show! Music Core" the hottest K-pop program and the essence of live music on "The Masked Singer". Subscribe and stay tuned for the latest updates!"|https://yt3.ggpht.com/-ejPSj8ynRh0/AAAAAAAAAAI/AAAAAAAAAAA/RDy_kAyJaXU/s88-c-k-no-mo-rj-c0xffffff/photo.jpg|38008|0
UCpCtv8fw6egexjhOJpN1IZw|UC7WMB_czX5jF__5kqT4d9Ww|2019-06-14T04:56:20.325000Z|"ëŒ€í•œë¯¼êµ­ì²­ì™€ëŒ€"|"ì²­ì™€ëŒ€ ê³µì‹ ìœ íŠœë¸Œ ì±„ë„ì…ë‹ˆë‹¤."|https://yt3.ggpht.com/-Jdnp_IRgVXc/AAAAAAAAAAI/AAAAAAAAAAA/r2wqkkCJrLg/s88-c-k-no-mo-rj-c0xffffff/photo.jpg|953|0
UCpCtv8fw6egexjhOJpN1IZw|UC-9-kyTW8ZkZNDHQJ6FgpwQ|1970-01-01T00:00:00Z|"Music"|"Visit the YouTube Music Channel to find todayâ€™s top talent, featured artists, and playlists. Subscribe to see the latest in the music world. This channel was generated automatically by YouTube's video discovery system."|https://yt3.ggpht.com/-YxMG_OBxoIM/AAAAAAAAAAI/AAAAAAAAAAA/p5Z_4Wofbmk/s88-c-k-no-mo-rj-c0xffffff/photo.jpg|0|0
UCpCtv8fw6egexjhOJpN1IZw|UC3IZKseVpdzPSBaWxBxundA|2020-01-09T15:04:55.392000Z|"Big Hit Labels"|"Welcome to the official YouTube channel of Big Hit Labels, the content hub for Big Hit Entertainment, SOURCE MUSIC, BELIFT, and PLUS GLOBAL AUDITION."|https://yt3.ggpht.com/-rl5F2klaWOs/AAAAAAAAAAI/AAAAAAAAAAA/3CyshXUOuIc/s88-c-k-no-mo-rj-c0xffffff/photo.jpg|408|0
UCpCtv8fw6egexjhOJpN1IZw|UCPtNLUGRiiwt5GeAZOnSuWw|2013-05-13T04:55:01Z|"YouTubeShowsKR"|"YouTube TV Shows (South Korea)."|https://yt3.ggpht.com/-2oG7SJE_QUs/AAAAAAAAAAI/AAAAAAAAAAA/3kEvgq08BYI/s88-c-k-no-mo-rj-c0xffffff/photo.jpg|0|0
UCpCtv8fw6egexjhOJpN1IZw|UCYfdidRxbB8Qhf0Nx7ioOYw|2013-05-13T04:55:01Z|"News"|"YouTube's news destination featuring comprehensive up-to-date coverage on the latest top stories, sports, business, entertainment, politics, and more."|https://yt3.ggpht.com/-77ke3Ug-lVg/AAAAAAAAAAI/AAAAAAAAAAA/zepY14k5Hkg/s88-c-k-no-mo-rj-c0xffffff/photo.jpg|0|0
UCpCtv8fw6egexjhOJpN1IZw|UCnrPF6de3KuHZy3c2ZkqcMA|2019-02-27T01:47:51.881000Z|"ê¸°íšì¬ì •ë¶€"|"ê¸°íšì¬ì •ë¶€ ìœ íŠœë¸Œ ê³µì‹ì±„ë„ì…ë‹ˆë‹¤."|https://yt3.ggpht.com/-AON8T9iJAw8/AAAAAAAAAAI/AAAAAAAAAAA/cQ19Cw6f3hM/s88-c-k-no-mo-rj-c0xffffff/photo.jpg|877|0
UCpCtv8fw6egexjhOJpN1IZw|UCS8Wrt3ZgilMVN9zmPpcaYQ|2019-09-26T08:30:32.222000Z|"ì†Œìƒ 2020"|"ì‘ê¸‰í™˜ì ì´ì†¡ì„ ìœ„í•œ ë‹¥í„°í—¬ê¸°ëŠ” ì´ì°©ë¥™ ì‹œ ë§ì€ ì†ŒìŒì´ ë°œìƒí•˜ê³ , ì£¼ë³€ ì§€ì—­ì— ë¶ˆí¸í•¨ì„ ì£¼ê¸°ë„ í•©ë‹ˆë‹¤.  í•˜ì§€ë§Œ ì¹˜ë£Œì˜ ê³¨ë“ íƒ€ì„ì„ ë†“ì¹˜ì§€ ì•Šê¸° ìœ„í•´ ë‹¥í„°í—¬ê¸°ëŠ” ê¼­ í•„ìš”í•©ë‹ˆë‹¤.  ë‹¥í„°í—¬ê¸° ì†Œë¦¬, ì ê¹ì˜ ë¶ˆí¸í•¨ì„ ì°¸ëŠ”ë‹¤ë©´ ë§ì€ ìƒëª…ì„ êµ¬í•  ìˆ˜ ìˆìŠµë‹ˆë‹¤.   'ë‹¥í„°í—¬ê¸° ì†Œë¦¬ëŠ” ìƒëª…ì…ë‹ˆë‹¤' ìº í˜ì¸ì— ì°¸ì—¬í•´ ì£¼ì„¸ìš”!"|https://yt3.ggpht.com/-lLuW9uQLpLI/AAAAAAAAAAI/AAAAAAAAAAA/hXfLkHKzt7I/s88-c-k-no-mo-rj-c0xffffff/photo.jpg|414|0
UCpCtv8fw6egexjhOJpN1IZw|UCZUPZW5idAxYp-Asj__lVAA|2019-08-05T02:09:06.210000Z|"ì„œìš¸ì‹œ Â· Seoul"|"ì„œìš¸ì‹œì˜ ì •ë³´ë¥¼ ì‹¤ì‹œê°„ìœ¼ë¡œ ì‹œë¯¼ê³¼ + ë‚˜ëˆ„ëŠ” Ã·  ì„œìš¸ì‹œ ê³µì‹ â™¡ ìœ íŠœë¸Œ  í˜ì´ìŠ¤ë¶ https:www.facebook.comseoul.kr ì¸ìŠ¤íƒ€ê·¸ë¨ http:instagram.comseoul_official íŠ¸ìœ„í„° https:twitter.comseoulmania ì¹´ì¹´ì˜¤ìŠ¤í† ë¦¬ https:story.kakao.comchseoul ë¼ì´ë¸Œì„œìš¸ http:tv.seoul.go.kr ë„¤ì´ë²„TV http:tv.naver.comliveseoul"|https://yt3.ggpht.com/-shuy3upwZQA/AAAAAAAAAAI/AAAAAAAAAAA/UiKISpoKRm4/s88-c-k-no-mo-rj-c0xffffff/photo.jpg|3341|0
UCpCtv8fw6egexjhOJpN1IZw|UC22go5LdQEw-iDuxFb4C0hw|2020-06-16T08:00:51.008000Z|"SBS TVë™ë¬¼ë†ì¥xì• ë‹ˆë©€ë´"|"Hello, all animal lovers!  Welcome! It's so great to have you join us.  This is the official YouTube channel of Korea's SBS Animal Farm program  that has communed with animals since 2001 until now.    Various genre of stories featuring animals!!!  Please subscribe and meet us every day!  Thank you!   â˜†We also have an official English version channel.   [Kritter Klub]  â†“â†“â†“ https:www.youtube.comcKritterKlub   â–¶Contents Copyright and Sales inquiry : contentspartner@sbs.co.kr â“’SBS. Corp ALL RIGHTS RESERVED  ---------------------------------------------------------------------------------------------------------------------- SBS ë™ë¬¼ë†ì¥ x ì• ë‹ˆë©€ë´' ê³µì‹ ìœ íŠœë¸Œ ì±„ë„ì…ë‹ˆë‹¤!   2001ë…„ ë¶€í„° ì§€ê¸ˆê¹Œì§€, ë™ë¬¼ê³¼ êµê°í•´ì˜¨ ë™ë¬¼ë†ì¥ì˜ ëª¨ë“  ìˆœê°„â˜… ì´ì œ ìœ íŠœë¸Œì—ì„œ ë§¤ì¼ ë§Œë‚˜ìš”! ë°”ë¡œ êµ¬ë…í•˜ê³  ì¬ë¯¸ìˆëŠ” ë™ë¬¼ ë™ì˜ìƒ ë³´ê³ ê°€ì„¸ìš”~  "ì§€ê¸ˆ ë­í•´~? ì• ë‹ˆë©€ë´!"  â˜†ì• ë‹ˆë©€ë´ ê³µì‹ ì˜ë¬¸ê³„ì • [Kritter Klub] â†“â†“â†“ https:www.youtube.comcKritterKlub  â–¶ì €ì‘ê¶Œ ë° ì œíœ´Â·ë§ˆì¼€íŒ… ë¬¸ì˜: contentspartner@sbs.co.kr â“’SBS. Corp ALL RIGHTS RESERVED"|https://yt3.ggpht.com/-opcP-69xo58/AAAAAAAAAAI/AAAAAAAAAAA/mtRkvEHHOBE/s88-c-k-no-mo-rj-c0xffffff/photo.jpg|2296|0
UCpCtv8fw6egexjhOJpN1IZw|UCZko_COpTM4_d2kPrxZfzFg|2019-07-31T00:52:55.547000Z|"FINA"|"Official Youtube channel of the International Swimming Federation (FINA), offering the best swimming, diving, water polo, synchro, high diving and open water action from the aquatics world. Besides highlights and interviews you can also view live streams.   Subscribe to the FINA channel and follow us on social media to never miss out on the latest action! http:bit.dosubscribeFINA"|https://yt3.ggpht.com/-pkMYwTPV0-U/AAAAAAAAAAI/AAAAAAAAAAA/E1g8UWRltGQ/s88-c-k-no-mo-rj-c0xffffff/photo.jpg|1814|0
UCpCtv8fw6egexjhOJpN1IZw|UCFw4M1BJYYdN1YtS8SzlDzg|2019-09-25T04:53:13.519000Z|"KBSì—¬í–‰ ê±¸ì–´ì„œ ì„¸ê³„ì†ìœ¼ë¡œ"|"This Youtube channel ã€Everywhere, Kã€‘ is run by Korean Broadcasting System(KBS) TV producers to provide information and enjoyment to travelers all around the world. Enjoy our travel clips, covering almost everywhere!  please contact us at walkingexpedition@gmail.com  ã€KBS Digital Service Dept. Digital contents Business TFTã€‘  [Travel Section] â—Editor in Chief  â€“ Leem Jong Youn ì„ì¢…ìœ¤ (KBS TV producer)  â—YouTube(Meta Data) Manager â€“ kim Woo Ik ê¹€ìš°ìµ   ã€~2015ã€‘ [YouTube Channel - Production Office (2015)] â—Executive Producer - Ham Hyeong Jin í•¨í˜•ì§„ â—Co-Executive Producer - Jung Hye Kyeong ì •í˜œê²½  â—Producer & Director - Leem Jong Youn ì„ì¢…ìœ¤ â—Manuscript Editor - Park Jeong Mi ë°•ì •ë¯¸ â—Video Clip Editor - Kang Na Young ê°•ë‚˜ì˜ â—Art Director - Cho Jun Haeng ì¡°ì¤€í–‰ â—Data Manager - Yeo Da Hye ì—¬ë‹¤í˜œ â—Staff - Chun Ye Sol ì „ì˜ˆì†”  Byun Sang Heon ë³€ìƒí—Œ"|https://yt3.ggpht.com/-1RMIbBdY1Qc/AAAAAAAAAAI/AAAAAAAAAAA/-SP2i_7E7kQ/s88-c-k-no-mo-rj-c0xffffff/photo.jpg|9776|0
UCpCtv8fw6egexjhOJpN1IZw|UCOiM8FuCUFJkuUjCmB14rgg|2019-08-21T08:14:37.138000Z|"Leesuhyun"|"ì•ˆë…•í•˜ì„¸ìš”:)  ì•…ë®¤ì˜ ì…ë•ì€ ì—´ë¦° ë¬¸ ì´ìˆ˜í˜„ì…ë‹ˆë‹· ã…ã… ë·°í‹° ìœ íŠœë²„ë¡œ ì‹œì‘í•´ì„œ ì˜ì‹ì˜ íë¦„ì„ ë”°ë¼ ì•„ë¬´ë§ ëŒ€ì”ì¹˜ë¡œ í˜ëŸ¬ê°€ëŠ” ê·¸ëŸ° ìŒ ë­ë„ê¹Œ ì¡°ê¸ˆ ì •ì‹ ì—†ì„ ìˆ˜ë„ ìˆê¸´í•œë° ë§‰ ìê¾¸ ë³´ê³ ì‹¶ì€ ê·¸ëŸ° ê±° ë­”ì¤„ ì•„ì‹œì ¸?ã… ì˜ˆì˜ˆã…ã…  ëª¨ì°Œí”¼ì¹˜ì—ì„œ ì´ìˆ˜í˜„ìœ¼ë¡œ ë”ë”ìš± ì €ì˜ í™œê¸°ì°¨ê³  ë¹„íƒ€ë¯¼ ë„˜ì¹˜ëŠ” ì¼ìƒë“¤ì„ ì˜ìƒìœ¼ë¡œ ë‹´ì„í…Œë‹ˆ ë§ì´ ê¸°ëŒ€í•´ì£¼ì‹œê³  ë§ì´ë§ì´ ì‚¬ë‘í•´ì£¼ì„¸ì—¬! í—¿  ì½œë¼ë³´, í˜‘ì°¬ ë“± ë¹„ì¦ˆë‹ˆìŠ¤ ë¬¸ì˜ëŠ” ì•„ë˜ ë©”ì¼ë¡œ ë³´ë‚´ì£¼ì„¸ìš”. newmedia.admin@ygmail.net"|https://yt3.ggpht.com/-LCGlLP7aPeg/AAAAAAAAAAI/AAAAAAAAAAA/B9Ziu6sC4Ds/s88-c-k-no-mo-rj-c0xffffff/photo.jpg|87|0
UCpCtv8fw6egexjhOJpN1IZw|UClgRkhTL3_hImCAmdLfDE4g|2013-05-13T04:55:01Z|"YouTube Movies"|"YouTube's movies destination featuring the latest new releases, blockbusters and more."|https://yt3.ggpht.com/-PdD4N0Pon5I/AAAAAAAAAAI/AAAAAAAAAAA/ZsJww_L5puE/s88-c-k-no-mo-rj-c0xffffff/photo.jpg|0|0
UCpCtv8fw6egexjhOJpN1IZw|UC3gsgELlsob7AFi-mHOqNkg|2018-04-06T13:40:12.891000Z|"PSY - Topic"|"PSY may be best known for his international smash and electrifying phenomenon, "Gangnam Style" [Republic School Boy RecordsYG Entertainment], but long before the Internet turned PSY into an international sensation, he spent the last 10 years building his career as one of South Koreaâ€™s most beloved icons.    Jaisang Park, known by his stage name, PSY, is a talented and prolific songwriter, who has written or co-written every song he has released during his career, as well as penning successful songs for many popular artists in Korea. More than just a singersongwriter, PSY is known for his energetic and flamboyant performances both on stage and in his music videos. He is the master of weaving together music, dance, humor, theatrics and shocking visuals as evidenced in the video for â€œGangnam Style.â€  Since its summer release, â€œGangnam Styleâ€ has made history. Its music video is officially the "most-liked" video in YouTube history, smashing the Guinness World Record previously set by LMFAO with over 6.8 million "likes". The video has also become the most-viewed video on YouTube surpassing 1.4 billion views and counting. It's also cemented the Korean hip hop and pop star as a ubiquitous pop culture presence with an endless array of high-profile television appearances and glowing press.   PSY also has been honored recently in the U.S. and across the Atlantic. At the 2012, MTV Europe Music Awards, "Gangnam Style" received the top honor for "Best Video", while at the American Music Awards, he took home their coveted trophy as this yearâ€™s "New Media Honoree". He managed to give rousing performances at both events as well, even being joined on stage by the legendary MC Hammer for the much-talked about American Music Awards finale this year.   On New Yearâ€™s Eve Psy closed out his stellar chart-topping year with a performance of the hit song on ABCâ€™s Rockinâ€™ New Yearâ€™s Eve w Ryan Seacrest live from Times Square.  It followed up a string of successful high-profile TV appearances including the Today Show, Saturday Night Live, Ellen DeGeneres, ABC's Nightline, Jimmy Kimmel Live!, The View and The Tonight Show with Jay Leno.   PSY has graced the cover of Billboard and has been featured prominently in Time Magazine, Newsweek, Rolling Stone, Entertainment Weekly, New York Times, L.A. Times, GQ, People, Maxim, and more.   "Gangnam Style" declared PSY's arrival as a global superstar, and now he's here to stay."|https://yt3.ggpht.com/-VPUNtA5FymA/AAAAAAAAAAI/AAAAAAAAAAA/dY-s1B6buj4/s88-c-k-no-mo-rj-c0xffffff/photo.jpg|232|0
UCpCtv8fw6egexjhOJpN1IZw|UCwx6n_4OcLgzAGdty0RWCoA|2020-06-18T01:15:57.586000Z|"ì›Œí¬ë§¨-Workman"|"ğŸœğŸœì›Œí¬ë§¨ ì¸ë ¥ì†Œ ìƒì•”ì ğŸœğŸœ  ğŸ”” NOW On-Air ğŸ””  [ì›Œí¬ë§¨] ë§¤ì£¼ ê¸ˆ ì˜¤í›„ 6ì‹œ   â¤ê¿€ì¼ì˜ìƒ ìƒì‹œëŒ€ê¸°â¤ì—…ê³„ ìµœê³  ì¬ë¯¸ ë³´ì¥â¤  âœ”ì²­ì†Œ.ì¸ë ¥.ì‹ë‹¹.ìš”ë¦¬.ì² ê±°.ê³µì¥.ë¬¼ë¥˜ âœ”ê·¸ ì™¸ ëª¨ë“  jobê²ƒë“¤  âœ”200% ë¶€ë ¤ë¨¹ê¸° ê°€ëŠ¥ âŒì¥ë‚œì‚¬ì ˆâŒ  â˜ìƒì„¸ ë¹„ì¦ˆë‹ˆìŠ¤ ë¬¸ì˜â˜  lululala.ad@jtbc.co.kr â˜ì œë³´ì¶œì—°ì œì‘ì§„ ê´€ë ¨ ë¬¸ì˜â˜  workman@jtbc.co.kr  ìµìˆ™í•˜ì§€ë§Œ ìƒˆë¡œìš´ ì¦ê±°ì›€, JTBC ë””ì§€í„¸ ìŠ¤íŠœë””ì˜¤ ë£°ë£¨ë„ë¼ (studio lululala)"|https://yt3.ggpht.com/-yL7KF3vNGp4/AAAAAAAAAAI/AAAAAAAAAAA/xyfsUD3Sgno/s88-c-k-no-mo-rj-c0xffffff/photo.jpg|69|0
UCpCtv8fw6egexjhOJpN1IZw|UCBzWK8pO62qviwa0yPQWo3w|2019-09-26T04:33:14.167000Z|"ëŒ€í•œë¯¼êµ­ë²•ì œì²˜"|"ëŒ€í•œë¯¼êµ­ ë²•ì œì²˜ì˜ ê³µì‹ ìœ íŠœë¸Œ ì±„ë„ì…ë‹ˆë‹¤. ë‹¤ì–‘í•œ ë²•ë ¹ì •ë³´ì™€ ë²•ë ¹ì‹¬ì‚¬, ë²•ë ¹í•´ì„, ë²•ë ¹ì •ë¹„ê¹Œì§€ ë²•ì œì²˜ì˜ ì£¼ìš” ì—­í• ë“¤ì„ ì˜ìƒìœ¼ë¡œ í•¨ê»˜ ë§Œë‚˜ìš”!   ë²•ì œì²˜ëŠ” ì •ë¶€ì…ë²•ì„ ì´ê´„á†ì¡°ì •í•˜ëŠ” ì¤‘ì•™í–‰ì •ê¸°ê´€ìœ¼ë¡œì„œ, ì‰½ê³  ì™„ì„±ë„ ë†’ì€ ë²•ì„ ë§Œë“œëŠ” í•œí¸ ìˆ˜ìš”ì ì¤‘ì‹¬ì˜ ë²•ë ¹ì •ë³´ ì œê³µê³¼ ëª…í™•í•œ ë²•ë ¹í•´ì„ìœ¼ë¡œ êµ­ë¯¼ì˜ ê¶Œë¦¬ë¥¼ ì‚¬ì „ì— êµ¬ì œí•˜ëŠ” ê¸°ëŠ¥ì„ ë‹´ë‹¹ í•˜ê³  ìˆìŠµë‹ˆë‹¤.  ë²•ì œì²˜ëŠ” ì´ì™€ ê°™ì€ ì…ë²•ì˜ ì¤‘ìš”ì„±ì„ ê°ì•ˆí•˜ì—¬ í•­ìƒ êµ­ë¯¼ì˜ ì…ì¥ì—ì„œ ìƒê°í•˜ê³  ì†Œí†µí•˜ëŠ” ì—´ë¦° í–‰ì •ì„ êµ¬í˜„í•˜ê³  ìˆìœ¼ë©°, êµ­ë¯¼ ìƒí™œì— ë¶ˆí¸ì„ ì£¼ëŠ” ë²•ë ¹ê³¼ ì œë„ë¥¼ ë°”ë¡œ ì¡ì•„ë‚˜ê°€ê¸° ìœ„í•œ ë…¸ë ¥ë„ ê³„ì†í•˜ê³  ìˆìŠµë‹ˆë‹¤."|https://yt3.ggpht.com/-IaF0xZOUP0Y/AAAAAAAAAAI/AAAAAAAAAAA/tiNp3PvDJ6s/s88-c-k-no-mo-rj-c0xffffff/photo.jpg|223|0
UCpCtv8fw6egexjhOJpN1IZw|UC8qp6-6XXgAgZx3hJ39RMBQ|2020-05-26T05:56:23.236000Z|"ê´‘ì£¼ê´‘ì—­ì‹œêµìœ¡ì²­"|"ê´‘ì£¼ì‹œêµìœ¡ì²­ ê³µì‹ ìœ íŠœë¸Œ ì±„ë„ì…ë‹ˆë‹¤."|https://yt3.ggpht.com/-flR5vBigg6I/AAAAAAAAAAI/AAAAAAAAAAA/tHziiAiMKVU/s88-c-k-no-mo-rj-c0xffffff/photo.jpg|567|0
UCpCtv8fw6egexjhOJpN1IZw|UCIuDua3JS1-m9zi4CuAqBVw|2019-08-14T01:12:24.704000Z|"ê²½ê¸°ë„ì²­"|"ìƒˆë¡œìš´ ê²½ê¸°ë„ ê³µì •í•œ ì„¸ìƒì˜ ì‹œì‘ì…ë‹ˆë‹¤. ê²½ê¸°ë„ì²­ ê³µì‹ ìœ íŠœë¸Œì…ë‹ˆë‹¤.  êµ¬ë…  ì•Œë¦¼ì„ í†µí•´ ê²½ê¸°ë„ì˜ ì†Œì‹ì„ !"|https://yt3.ggpht.com/-YqTSlYPoTi8/AAAAAAAAAAI/AAAAAAAAAAA/Khz5QhhHlZY/s88-c-k-no-mo-rj-c0xffffff/photo.jpg|1022|0
UCpCtv8fw6egexjhOJpN1IZw|UCC0hHIP7cqZZWNgKa1Ni9iw|2019-08-05T02:08:30.705000Z|"SUWONÂ·ìˆ˜ì›"|"ìˆ˜ì›ì„ í•œëˆˆì— ë§Œë‚  ìˆ˜ ìˆëŠ” ìˆ˜ì›ì‹œ ê³µì‹ ìœ íŠœë¸Œ ì±„ë„  ìˆ˜ì›ì‹œ ê³µì‹ ìœ íŠœë¸Œ ì±„ë„ì€ ì‹œë¯¼ ì—¬ëŸ¬ë¶„ê³¼ í•¨ê»˜ ë§Œë“¤ì–´ê°€ëŠ” ê³µê°„ì…ë‹ˆë‹¤^^  ê³µìœ í•˜ê³  ì‹¶ì€ ì˜ìƒì´ ìˆìœ¼ì‹œë©´ ì—°ë½ì£¼ì„¸ìš”! ì±„íƒì´ ë˜ì‹œë©´ ì†Œì •ì˜ ì§€ì›ê¸ˆì„ ë“œë¦½ë‹ˆë‹¤  ìˆ˜ì›ì‹œì²­ í™ë³´ê¸°íšê´€ ì˜ìƒí™ë³´íŒ€ 031-228-26482053 lkw9201@korea.krshsh616@korea.kr"|https://yt3.ggpht.com/-GibCGWx9EsE/AAAAAAAAAAI/AAAAAAAAAAA/l0PaLAUjjiw/s88-c-k-no-mo-rj-c0xffffff/photo.jpg|1151|0
UCpCtv8fw6egexjhOJpN1IZw|UCTHZPqsEmZLP5rrCLXJFwNg|2020-01-17T08:04:49.701000Z|"ìš¸ì‚° ê³ ë˜ TV_ìš¸ì‚°ê´‘ì—­ì‹œ ê³µì‹ ì±„ë„"|"ìš¸ì‚°ì‹œì²­ ê³µì‹ ìœ íŠœë¸Œ ì±„ë„ ê³ ë˜TVì…ë‹ˆë‹¤. í™ë³´ì˜ìƒê³¼ ì‹œì •ë‰´ìŠ¤, ê´‘ê³  ë“± ë‹¤ì–‘í•œ ì½˜í…ì¸  ì„ ë³´ì¼ê²Œìš”. ë§ì´ ì‚¬ë‘í•´ì£¼ì„¸ìš”!"|https://yt3.ggpht.com/-VSvs65HUEPs/AAAAAAAAAAI/AAAAAAAAAAA/NMSKDHaunzA/s88-c-k-no-mo-rj-c0xffffff/photo.jpg|1111|0
UCpCtv8fw6egexjhOJpN1IZw|UCF0pVplsI8R5kcAqgtoRqoA|2013-05-13T04:55:01Z|"Popular on YouTube"|"The pulse of what's popular on YouTube. Check out the latest music videos, trailers, comedy clips, and everything else that people are watching right now."|https://yt3.ggpht.com/-V0hHJs9xr1c/AAAAAAAAAAI/AAAAAAAAAAA/dy1hDy4k7_g/s88-c-k-no-mo-rj-c0xffffff/photo.jpg|0|0
UCpCtv8fw6egexjhOJpN1IZw|UC960xfXepXPsJ8HHePGvAKw|2019-10-14T00:45:59.118000Z|"ì¸ì²œì‹œ"|"ì¸ì²œê´‘ì—­ì‹œ ê³µì‹ ìœ íŠœë¸Œì…ë‹ˆë‹¤.  ì¸ì²œì˜ ë‹¤ì–‘í•œ ì†Œì‹ì„ ì¬ë¯¸ì™€ ê°ë™ìœ¼ë¡œ ì „í•´ë“œë¦¬ê² ìŠµë‹ˆë‹¤.  êµ¬ë…ê³¼ ì¢‹ì•„ìš”ë¡œ ì‘ì›í•´ ì£¼ì„¸ìš” ^^   #ì¸ì²œ #ì¸ì²œì‹œ #ì¸ì²œê´‘ì—­ì‹œ #ì¸ì²œì‹œì²­ #ì¸ì²œê´‘ì—­ì‹œì²­ #Incheon"|https://yt3.ggpht.com/-aiDnEJJ5Eak/AAAAAAAAAAI/AAAAAAAAAAA/eRmP7eZL-_M/s88-c-k-no-mo-rj-c0xffffff/photo.jpg|5632|0
UCpCtv8fw6egexjhOJpN1IZw|UCVcLszfUBN9rTmc0A0uDRSQ|2020-07-15T11:44:16.417000Z|"kbc ë‰´ìŠ¤"|"ê´‘ì£¼Â·ì „ë‚¨ ë‰´ìŠ¤ì˜ ëª¨ë“  ê²ƒ! kbc ê´‘ì£¼ë°©ì†¡ ë‰´ìŠ¤ ì±„ë„ì…ë‹ˆë‹¤. ë§¤ì¼ ìƒˆë¡­ê²Œ ì˜¬ë¼ì˜¤ëŠ” ë‰´ìŠ¤ë¥¼ ë°›ì•„ë³´ì‹œë ¤ë©´ êµ¬ë…ê³¼ ì•Œë¦¼ì„¤ì • ë¶€íƒë“œë¦½ë‹ˆë‹¤."|https://yt3.ggpht.com/-TmAtNkCMTCY/AAAAAAAAAAI/AAAAAAAAAAA/V-IOsoKVzNA/s88-c-k-no-mo-rj-c0xffffff/photo.jpg|2491|0
